-- MySQL dump 10.13  Distrib 8.0.21, for Win64 (x86_64)
--
-- Host: 127.0.0.1    Database: jee
-- ------------------------------------------------------
-- Server version	8.0.21

/*!40101 SET @OLD_CHARACTER_SET_CLIENT=@@CHARACTER_SET_CLIENT */;
/*!40101 SET @OLD_CHARACTER_SET_RESULTS=@@CHARACTER_SET_RESULTS */;
/*!40101 SET @OLD_COLLATION_CONNECTION=@@COLLATION_CONNECTION */;
/*!50503 SET NAMES utf8mb4 */;
/*!40103 SET @OLD_TIME_ZONE=@@TIME_ZONE */;
/*!40103 SET TIME_ZONE='+00:00' */;
/*!40014 SET @OLD_UNIQUE_CHECKS=@@UNIQUE_CHECKS, UNIQUE_CHECKS=0 */;
/*!40014 SET @OLD_FOREIGN_KEY_CHECKS=@@FOREIGN_KEY_CHECKS, FOREIGN_KEY_CHECKS=0 */;
/*!40101 SET @OLD_SQL_MODE=@@SQL_MODE, SQL_MODE='NO_AUTO_VALUE_ON_ZERO' */;
/*!40111 SET @OLD_SQL_NOTES=@@SQL_NOTES, SQL_NOTES=0 */;

--
-- Table structure for table `application`
--

DROP TABLE IF EXISTS `application`;
/*!40101 SET @saved_cs_client     = @@character_set_client */;
/*!50503 SET character_set_client = utf8mb4 */;
CREATE TABLE `application` (
  `internship_offer_id` int NOT NULL,
  `student_id` int NOT NULL,
  `candidate_picture` blob,
  `cover_letter` text,
  `request` tinyint(1) NOT NULL,
  `answer` tinyint(1) NOT NULL,
  `result` tinyint(1) NOT NULL,
  PRIMARY KEY (`internship_offer_id`,`student_id`),
  KEY `application_student_id_fk` (`student_id`),
  CONSTRAINT `application_internship_offer_id_fk` FOREIGN KEY (`internship_offer_id`) REFERENCES `internship_offer` (`id`),
  CONSTRAINT `application_student_id_fk` FOREIGN KEY (`student_id`) REFERENCES `student` (`id`)
) ENGINE=InnoDB DEFAULT CHARSET=utf8mb4 COLLATE=utf8mb4_0900_ai_ci;
/*!40101 SET character_set_client = @saved_cs_client */;

--
-- Dumping data for table `application`
--

LOCK TABLES `application` WRITE;
/*!40000 ALTER TABLE `application` DISABLE KEYS */;
INSERT INTO `application` VALUES (1,314,NULL,'Pellentesque at nulla. Suspendisse potenti. Cras in purus eu magna vulputate luctus.',1,0,0),(2,318,NULL,NULL,1,1,0),(3,120,NULL,NULL,0,0,0),(3,133,NULL,'Integer tincidunt ante vel ipsum. Praesent blandit lacinia erat. Vestibulum sed magna at nunc commodo placerat.',1,1,0),(3,324,NULL,'Aliquam quis turpis eget elit sodales scelerisque. Mauris sit amet eros. Suspendisse accumsan tortor quis turpis.',0,0,0),(3,379,NULL,'Nulla ut erat id mauris vulputate elementum. Nullam varius. Nulla facilisi.',0,0,0),(3,385,NULL,NULL,0,0,0),(5,396,NULL,NULL,1,1,0),(6,88,NULL,'Morbi non lectus. Aliquam sit amet diam in magna bibendum imperdiet. Nullam orci pede, venenatis non, sodales sed, tincidunt eu, felis.',1,1,1),(6,180,NULL,NULL,0,0,0),(6,250,NULL,'In hac habitasse platea dictumst. Morbi vestibulum, velit id pretium iaculis, diam erat fermentum justo, nec condimentum neque sapien placerat ante. Nulla justo.',1,1,0),(6,353,NULL,NULL,1,1,1),(7,16,NULL,'Suspendisse potenti. In eleifend quam a odio. In hac habitasse platea dictumst.',0,0,0),(7,85,NULL,'Mauris enim leo, rhoncus sed, vestibulum sit amet, cursus id, turpis. Integer aliquet, massa id lobortis convallis, tortor risus dapibus augue, vel accumsan tellus nisi eu orci. Mauris lacinia sapien quis libero.',1,1,1),(7,124,NULL,NULL,1,1,0),(8,12,NULL,'Vestibulum ac est lacinia nisi venenatis tristique. Fusce congue, diam id ornare imperdiet, sapien urna pretium nisl, ut volutpat sapien arcu sed augue. Aliquam erat volutpat.',1,1,1),(8,210,NULL,NULL,1,1,0),(8,343,NULL,NULL,1,1,0),(8,383,NULL,'Nullam sit amet turpis elementum ligula vehicula consequat. Morbi a ipsum. Integer a nibh.',1,1,0),(9,8,NULL,NULL,0,0,0),(9,92,NULL,NULL,0,0,0),(9,215,NULL,NULL,0,0,0),(10,25,NULL,NULL,1,1,1),(10,72,NULL,'Phasellus in felis. Donec semper sapien a libero. Nam dui.',0,0,0),(10,174,NULL,'Praesent id massa id nisl venenatis lacinia. Aenean sit amet justo. Morbi ut odio.',0,0,0),(10,356,NULL,NULL,1,1,1),(11,57,NULL,NULL,0,0,0),(11,103,NULL,NULL,1,1,1),(11,114,NULL,NULL,0,0,0),(11,189,NULL,NULL,0,0,0),(12,97,NULL,NULL,0,0,0),(13,220,NULL,'Quisque id justo sit amet sapien dignissim vestibulum. Vestibulum ante ipsum primis in faucibus orci luctus et ultrices posuere cubilia Curae; Nulla dapibus dolor vel est. Donec odio justo, sollicitudin ut, suscipit a, feugiat et, eros.',1,1,1),(13,293,NULL,'Nullam porttitor lacus at turpis. Donec posuere metus vitae ipsum. Aliquam non mauris.',0,0,0),(14,12,NULL,NULL,0,0,0),(14,117,NULL,'Praesent blandit. Nam nulla. Integer pede justo, lacinia eget, tincidunt eget, tempus vel, pede.',0,0,0),(15,122,NULL,'In hac habitasse platea dictumst. Morbi vestibulum, velit id pretium iaculis, diam erat fermentum justo, nec condimentum neque sapien placerat ante. Nulla justo.',1,0,0),(15,151,NULL,'Maecenas ut massa quis augue luctus tincidunt. Nulla mollis molestie lorem. Quisque ut erat.',1,1,0),(16,28,NULL,NULL,0,0,0),(16,345,NULL,'Duis bibendum, felis sed interdum venenatis, turpis enim blandit mi, in porttitor pede justo eu massa. Donec dapibus. Duis at velit eu est congue elementum.',0,0,0),(17,169,NULL,NULL,0,0,0),(17,295,NULL,'Integer tincidunt ante vel ipsum. Praesent blandit lacinia erat. Vestibulum sed magna at nunc commodo placerat.',1,1,1),(18,79,NULL,'Curabitur at ipsum ac tellus semper interdum. Mauris ullamcorper purus sit amet nulla. Quisque arcu libero, rutrum ac, lobortis vel, dapibus at, diam.',0,0,0),(19,70,NULL,NULL,1,0,0),(19,102,NULL,'Vestibulum ac est lacinia nisi venenatis tristique. Fusce congue, diam id ornare imperdiet, sapien urna pretium nisl, ut volutpat sapien arcu sed augue. Aliquam erat volutpat.',0,0,0),(19,198,NULL,'Phasellus in felis. Donec semper sapien a libero. Nam dui.',1,0,0),(19,383,NULL,'Fusce posuere felis sed lacus. Morbi sem mauris, laoreet ut, rhoncus aliquet, pulvinar sed, nisl. Nunc rhoncus dui vel sem.',0,0,0),(21,34,NULL,'Aliquam quis turpis eget elit sodales scelerisque. Mauris sit amet eros. Suspendisse accumsan tortor quis turpis.',0,0,0),(21,247,NULL,NULL,0,0,0),(22,23,NULL,'Sed ante. Vivamus tortor. Duis mattis egestas metus.',1,1,1),(22,166,NULL,NULL,1,0,0),(23,291,NULL,NULL,0,0,0),(23,377,NULL,'Sed ante. Vivamus tortor. Duis mattis egestas metus.',1,1,1),(25,177,NULL,'Lorem ipsum dolor sit amet, consectetuer adipiscing elit. Proin risus. Praesent lectus.',0,0,0),(25,393,NULL,'Aenean lectus. Pellentesque eget nunc. Donec quis orci eget orci vehicula condimentum.',1,0,0),(26,51,NULL,NULL,1,1,0),(26,282,NULL,'Mauris enim leo, rhoncus sed, vestibulum sit amet, cursus id, turpis. Integer aliquet, massa id lobortis convallis, tortor risus dapibus augue, vel accumsan tellus nisi eu orci. Mauris lacinia sapien quis libero.',1,1,1),(26,336,NULL,NULL,0,0,0),(26,367,NULL,'Donec diam neque, vestibulum eget, vulputate ut, ultrices vel, augue. Vestibulum ante ipsum primis in faucibus orci luctus et ultrices posuere cubilia Curae; Donec pharetra, magna vestibulum aliquet ultrices, erat tortor sollicitudin mi, sit amet lobortis sapien sapien non mi. Integer ac neque.',0,0,0),(27,61,NULL,'Duis consequat dui nec nisi volutpat eleifend. Donec ut dolor. Morbi vel lectus in quam fringilla rhoncus.',0,0,0),(27,195,NULL,'Nulla ut erat id mauris vulputate elementum. Nullam varius. Nulla facilisi.',1,1,0),(29,174,NULL,'Aenean lectus. Pellentesque eget nunc. Donec quis orci eget orci vehicula condimentum.',0,0,0),(30,11,NULL,'In congue. Etiam justo. Etiam pretium iaculis justo.',0,0,0),(30,34,NULL,NULL,0,0,0),(30,70,NULL,NULL,1,1,1),(30,217,NULL,'Morbi non lectus. Aliquam sit amet diam in magna bibendum imperdiet. Nullam orci pede, venenatis non, sodales sed, tincidunt eu, felis.',1,1,0),(30,312,NULL,NULL,0,0,0),(30,390,NULL,'Cum sociis natoque penatibus et magnis dis parturient montes, nascetur ridiculus mus. Vivamus vestibulum sagittis sapien. Cum sociis natoque penatibus et magnis dis parturient montes, nascetur ridiculus mus.',0,0,0),(31,132,NULL,'Maecenas tristique, est et tempus semper, est quam pharetra magna, ac consequat metus sapien ut nunc. Vestibulum ante ipsum primis in faucibus orci luctus et ultrices posuere cubilia Curae; Mauris viverra diam vitae quam. Suspendisse potenti.',0,0,0),(31,270,NULL,NULL,1,1,1),(32,336,NULL,'Morbi porttitor lorem id ligula. Suspendisse ornare consequat lectus. In est risus, auctor sed, tristique in, tempus sit amet, sem.',1,1,0),(32,341,NULL,NULL,1,1,0),(33,273,NULL,'Morbi non lectus. Aliquam sit amet diam in magna bibendum imperdiet. Nullam orci pede, venenatis non, sodales sed, tincidunt eu, felis.',1,1,1),(35,51,NULL,NULL,0,0,0),(35,320,NULL,NULL,1,0,0),(37,34,NULL,NULL,1,1,0),(37,364,NULL,NULL,1,1,1),(38,71,NULL,'Suspendisse potenti. In eleifend quam a odio. In hac habitasse platea dictumst.',0,0,0),(39,1,NULL,'Duis aliquam convallis nunc. Proin at turpis a pede posuere nonummy. Integer non velit.',0,0,0),(39,357,NULL,'Nam ultrices, libero non mattis pulvinar, nulla pede ullamcorper augue, a suscipit nulla elit ac nulla. Sed vel enim sit amet nunc viverra dapibus. Nulla suscipit ligula in lacus.',0,0,0),(41,119,NULL,NULL,1,1,1),(43,171,NULL,'Nullam porttitor lacus at turpis. Donec posuere metus vitae ipsum. Aliquam non mauris.',1,1,1),(44,141,NULL,'Sed sagittis. Nam congue, risus semper porta volutpat, quam pede lobortis ligula, sit amet eleifend pede libero quis orci. Nullam molestie nibh in lectus.',0,0,0),(44,230,NULL,NULL,0,0,0),(45,3,NULL,NULL,1,1,0),(45,108,NULL,'Integer ac leo. Pellentesque ultrices mattis odio. Donec vitae nisi.',1,1,0),(45,130,NULL,NULL,1,1,1),(45,303,NULL,NULL,1,0,0),(46,25,NULL,NULL,1,1,1),(47,111,NULL,'In hac habitasse platea dictumst. Etiam faucibus cursus urna. Ut tellus.',1,1,0),(47,148,NULL,NULL,1,1,0),(47,214,NULL,NULL,0,0,0),(48,143,NULL,'Lorem ipsum dolor sit amet, consectetuer adipiscing elit. Proin risus. Praesent lectus.',1,1,1),(48,164,NULL,'Vestibulum quam sapien, varius ut, blandit non, interdum in, ante. Vestibulum ante ipsum primis in faucibus orci luctus et ultrices posuere cubilia Curae; Duis faucibus accumsan odio. Curabitur convallis.',1,1,1),(48,229,NULL,'Integer tincidunt ante vel ipsum. Praesent blandit lacinia erat. Vestibulum sed magna at nunc commodo placerat.',1,1,0),(48,264,NULL,'Duis aliquam convallis nunc. Proin at turpis a pede posuere nonummy. Integer non velit.',0,0,0),(49,28,NULL,'Sed sagittis. Nam congue, risus semper porta volutpat, quam pede lobortis ligula, sit amet eleifend pede libero quis orci. Nullam molestie nibh in lectus.',1,1,1),(50,243,NULL,NULL,0,0,0),(51,143,NULL,'Duis bibendum, felis sed interdum venenatis, turpis enim blandit mi, in porttitor pede justo eu massa. Donec dapibus. Duis at velit eu est congue elementum.',1,1,1),(51,293,NULL,'Sed sagittis. Nam congue, risus semper porta volutpat, quam pede lobortis ligula, sit amet eleifend pede libero quis orci. Nullam molestie nibh in lectus.',0,0,0),(51,351,NULL,NULL,0,0,0),(51,366,NULL,NULL,0,0,0),(51,393,NULL,'Maecenas tristique, est et tempus semper, est quam pharetra magna, ac consequat metus sapien ut nunc. Vestibulum ante ipsum primis in faucibus orci luctus et ultrices posuere cubilia Curae; Mauris viverra diam vitae quam. Suspendisse potenti.',0,0,0),(52,172,NULL,NULL,0,0,0),(53,47,NULL,'Aenean lectus. Pellentesque eget nunc. Donec quis orci eget orci vehicula condimentum.',1,1,0),(53,77,NULL,'Lorem ipsum dolor sit amet, consectetuer adipiscing elit. Proin risus. Praesent lectus.',0,0,0),(53,78,NULL,NULL,0,0,0),(53,155,NULL,NULL,1,1,0),(53,213,NULL,'Proin interdum mauris non ligula pellentesque ultrices. Phasellus id sapien in sapien iaculis congue. Vivamus metus arcu, adipiscing molestie, hendrerit at, vulputate vitae, nisl.',0,0,0),(54,222,NULL,NULL,0,0,0),(55,130,NULL,NULL,0,0,0),(55,259,NULL,NULL,1,1,1),(55,333,NULL,NULL,0,0,0),(56,93,NULL,'Nulla ut erat id mauris vulputate elementum. Nullam varius. Nulla facilisi.',0,0,0),(56,359,NULL,NULL,1,1,1),(57,178,NULL,NULL,1,1,0),(57,195,NULL,'Mauris enim leo, rhoncus sed, vestibulum sit amet, cursus id, turpis. Integer aliquet, massa id lobortis convallis, tortor risus dapibus augue, vel accumsan tellus nisi eu orci. Mauris lacinia sapien quis libero.',1,1,0),(57,349,NULL,'Quisque id justo sit amet sapien dignissim vestibulum. Vestibulum ante ipsum primis in faucibus orci luctus et ultrices posuere cubilia Curae; Nulla dapibus dolor vel est. Donec odio justo, sollicitudin ut, suscipit a, feugiat et, eros.',0,0,0),(58,12,NULL,NULL,1,1,0),(58,301,NULL,NULL,0,0,0),(59,23,NULL,'Sed sagittis. Nam congue, risus semper porta volutpat, quam pede lobortis ligula, sit amet eleifend pede libero quis orci. Nullam molestie nibh in lectus.',1,1,0),(60,94,NULL,'Vestibulum quam sapien, varius ut, blandit non, interdum in, ante. Vestibulum ante ipsum primis in faucibus orci luctus et ultrices posuere cubilia Curae; Duis faucibus accumsan odio. Curabitur convallis.',0,0,0),(62,187,NULL,'In hac habitasse platea dictumst. Etiam faucibus cursus urna. Ut tellus.',0,0,0),(62,243,NULL,'Cras mi pede, malesuada in, imperdiet et, commodo vulputate, justo. In blandit ultrices enim. Lorem ipsum dolor sit amet, consectetuer adipiscing elit.',1,1,1),(64,60,NULL,'Duis aliquam convallis nunc. Proin at turpis a pede posuere nonummy. Integer non velit.',0,0,0),(65,212,NULL,NULL,0,0,0),(66,240,NULL,NULL,0,0,0),(66,287,NULL,NULL,0,0,0),(66,322,NULL,NULL,0,0,0),(66,351,NULL,NULL,1,1,0),(67,277,NULL,'Quisque porta volutpat erat. Quisque erat eros, viverra eget, congue eget, semper rutrum, nulla. Nunc purus.',1,1,0),(67,297,NULL,NULL,0,0,0),(68,52,NULL,NULL,0,0,0),(68,116,NULL,'Integer tincidunt ante vel ipsum. Praesent blandit lacinia erat. Vestibulum sed magna at nunc commodo placerat.',1,1,1),(68,252,NULL,NULL,0,0,0),(68,279,NULL,NULL,0,0,0),(69,222,NULL,'Duis aliquam convallis nunc. Proin at turpis a pede posuere nonummy. Integer non velit.',1,1,1),(69,280,NULL,'Praesent blandit. Nam nulla. Integer pede justo, lacinia eget, tincidunt eget, tempus vel, pede.',1,1,0),(70,142,NULL,'Proin interdum mauris non ligula pellentesque ultrices. Phasellus id sapien in sapien iaculis congue. Vivamus metus arcu, adipiscing molestie, hendrerit at, vulputate vitae, nisl.',0,0,0),(70,247,NULL,NULL,0,0,0),(70,325,NULL,'Etiam vel augue. Vestibulum rutrum rutrum neque. Aenean auctor gravida sem.',0,0,0),(70,379,NULL,'Fusce posuere felis sed lacus. Morbi sem mauris, laoreet ut, rhoncus aliquet, pulvinar sed, nisl. Nunc rhoncus dui vel sem.',0,0,0),(71,34,NULL,NULL,0,0,0),(72,102,NULL,'Pellentesque at nulla. Suspendisse potenti. Cras in purus eu magna vulputate luctus.',0,0,0),(72,189,NULL,'Vestibulum ac est lacinia nisi venenatis tristique. Fusce congue, diam id ornare imperdiet, sapien urna pretium nisl, ut volutpat sapien arcu sed augue. Aliquam erat volutpat.',0,0,0),(73,351,NULL,'In quis justo. Maecenas rhoncus aliquam lacus. Morbi quis tortor id nulla ultrices aliquet.',1,1,1),(74,67,NULL,NULL,0,0,0),(74,139,NULL,'Pellentesque at nulla. Suspendisse potenti. Cras in purus eu magna vulputate luctus.',0,0,0),(75,67,NULL,'Proin interdum mauris non ligula pellentesque ultrices. Phasellus id sapien in sapien iaculis congue. Vivamus metus arcu, adipiscing molestie, hendrerit at, vulputate vitae, nisl.',0,0,0),(75,153,NULL,NULL,1,1,1),(75,170,NULL,'Morbi non lectus. Aliquam sit amet diam in magna bibendum imperdiet. Nullam orci pede, venenatis non, sodales sed, tincidunt eu, felis.',0,0,0),(75,246,NULL,'Sed ante. Vivamus tortor. Duis mattis egestas metus.',1,1,0),(76,30,NULL,'In congue. Etiam justo. Etiam pretium iaculis justo.',1,1,1),(77,344,NULL,NULL,1,1,1),(78,109,NULL,NULL,0,0,0),(78,174,NULL,'Praesent blandit. Nam nulla. Integer pede justo, lacinia eget, tincidunt eget, tempus vel, pede.',1,1,1),(78,396,NULL,NULL,1,1,1),(79,285,NULL,NULL,0,0,0),(79,392,NULL,NULL,0,0,0),(80,388,NULL,NULL,1,0,0),(82,32,NULL,NULL,1,0,0),(82,183,NULL,NULL,0,0,0),(82,335,NULL,NULL,0,0,0),(83,350,NULL,'Proin leo odio, porttitor id, consequat in, consequat ut, nulla. Sed accumsan felis. Ut at dolor quis odio consequat varius.',1,0,0),(84,264,NULL,'Curabitur at ipsum ac tellus semper interdum. Mauris ullamcorper purus sit amet nulla. Quisque arcu libero, rutrum ac, lobortis vel, dapibus at, diam.',0,0,0),(85,165,NULL,'Integer ac leo. Pellentesque ultrices mattis odio. Donec vitae nisi.',1,1,0),(85,243,NULL,'Duis bibendum. Morbi non quam nec dui luctus rutrum. Nulla tellus.',1,1,0),(86,23,NULL,NULL,1,1,1),(86,78,NULL,NULL,1,0,0),(86,147,NULL,NULL,0,0,0),(86,239,NULL,NULL,1,1,0),(87,8,NULL,'Aenean lectus. Pellentesque eget nunc. Donec quis orci eget orci vehicula condimentum.',1,1,1),(87,295,NULL,NULL,0,0,0),(89,145,NULL,NULL,1,1,1),(90,348,NULL,NULL,0,0,0),(90,395,NULL,'Aenean lectus. Pellentesque eget nunc. Donec quis orci eget orci vehicula condimentum.',1,1,1),(91,67,NULL,'Suspendisse potenti. In eleifend quam a odio. In hac habitasse platea dictumst.',1,1,0),(91,194,NULL,'Duis bibendum, felis sed interdum venenatis, turpis enim blandit mi, in porttitor pede justo eu massa. Donec dapibus. Duis at velit eu est congue elementum.',0,0,0),(91,375,NULL,NULL,0,0,0),(93,61,NULL,NULL,0,0,0),(93,253,NULL,'Proin eu mi. Nulla ac enim. In tempor, turpis nec euismod scelerisque, quam turpis adipiscing lorem, vitae mattis nibh ligula nec sem.',1,1,0),(94,143,NULL,'Nulla ut erat id mauris vulputate elementum. Nullam varius. Nulla facilisi.',0,0,0),(94,328,NULL,'Vestibulum ac est lacinia nisi venenatis tristique. Fusce congue, diam id ornare imperdiet, sapien urna pretium nisl, ut volutpat sapien arcu sed augue. Aliquam erat volutpat.',0,0,0),(94,342,NULL,'Praesent blandit. Nam nulla. Integer pede justo, lacinia eget, tincidunt eget, tempus vel, pede.',0,0,0),(94,346,NULL,'Aliquam quis turpis eget elit sodales scelerisque. Mauris sit amet eros. Suspendisse accumsan tortor quis turpis.',1,1,1),(96,209,NULL,'Cum sociis natoque penatibus et magnis dis parturient montes, nascetur ridiculus mus. Vivamus vestibulum sagittis sapien. Cum sociis natoque penatibus et magnis dis parturient montes, nascetur ridiculus mus.',1,1,0),(96,359,NULL,'Proin eu mi. Nulla ac enim. In tempor, turpis nec euismod scelerisque, quam turpis adipiscing lorem, vitae mattis nibh ligula nec sem.',1,1,1),(97,74,NULL,'In quis justo. Maecenas rhoncus aliquam lacus. Morbi quis tortor id nulla ultrices aliquet.',0,0,0),(97,78,NULL,'Nullam sit amet turpis elementum ligula vehicula consequat. Morbi a ipsum. Integer a nibh.',1,0,0),(98,123,NULL,NULL,0,0,0),(99,102,NULL,NULL,0,0,0),(99,156,NULL,NULL,1,1,0),(99,173,NULL,'Mauris enim leo, rhoncus sed, vestibulum sit amet, cursus id, turpis. Integer aliquet, massa id lobortis convallis, tortor risus dapibus augue, vel accumsan tellus nisi eu orci. Mauris lacinia sapien quis libero.',1,1,0),(99,274,NULL,'Curabitur at ipsum ac tellus semper interdum. Mauris ullamcorper purus sit amet nulla. Quisque arcu libero, rutrum ac, lobortis vel, dapibus at, diam.',0,0,0),(99,335,NULL,'Suspendisse potenti. In eleifend quam a odio. In hac habitasse platea dictumst.',0,0,0),(100,109,NULL,'Pellentesque at nulla. Suspendisse potenti. Cras in purus eu magna vulputate luctus.',1,1,1),(100,270,NULL,NULL,1,1,1),(101,11,NULL,NULL,0,0,0),(101,129,NULL,NULL,0,0,0),(102,308,NULL,'Morbi porttitor lorem id ligula. Suspendisse ornare consequat lectus. In est risus, auctor sed, tristique in, tempus sit amet, sem.',1,1,1),(103,307,NULL,'Donec diam neque, vestibulum eget, vulputate ut, ultrices vel, augue. Vestibulum ante ipsum primis in faucibus orci luctus et ultrices posuere cubilia Curae; Donec pharetra, magna vestibulum aliquet ultrices, erat tortor sollicitudin mi, sit amet lobortis sapien sapien non mi. Integer ac neque.',0,0,0),(104,32,NULL,NULL,1,1,1),(104,199,NULL,NULL,1,1,1),(106,1,NULL,NULL,0,0,0),(106,186,NULL,'Proin leo odio, porttitor id, consequat in, consequat ut, nulla. Sed accumsan felis. Ut at dolor quis odio consequat varius.',0,0,0),(106,295,NULL,NULL,1,1,0),(107,152,NULL,NULL,1,1,0),(107,347,NULL,NULL,0,0,0),(108,338,NULL,NULL,0,0,0),(108,375,NULL,'Vestibulum ac est lacinia nisi venenatis tristique. Fusce congue, diam id ornare imperdiet, sapien urna pretium nisl, ut volutpat sapien arcu sed augue. Aliquam erat volutpat.',0,0,0),(109,61,NULL,NULL,0,0,0),(109,258,NULL,NULL,1,1,1),(110,154,NULL,NULL,1,1,1),(110,245,NULL,'Phasellus sit amet erat. Nulla tempus. Vivamus in felis eu sapien cursus vestibulum.',0,0,0),(110,296,NULL,'Duis aliquam convallis nunc. Proin at turpis a pede posuere nonummy. Integer non velit.',0,0,0),(111,15,NULL,'Sed sagittis. Nam congue, risus semper porta volutpat, quam pede lobortis ligula, sit amet eleifend pede libero quis orci. Nullam molestie nibh in lectus.',1,1,0),(111,145,NULL,'Integer ac leo. Pellentesque ultrices mattis odio. Donec vitae nisi.',1,1,1),(111,354,NULL,NULL,1,0,0),(112,82,NULL,NULL,1,1,0),(112,154,NULL,'Nam ultrices, libero non mattis pulvinar, nulla pede ullamcorper augue, a suscipit nulla elit ac nulla. Sed vel enim sit amet nunc viverra dapibus. Nulla suscipit ligula in lacus.',0,0,0),(112,305,NULL,NULL,0,0,0),(112,319,NULL,NULL,1,0,0),(113,48,NULL,'Vestibulum ac est lacinia nisi venenatis tristique. Fusce congue, diam id ornare imperdiet, sapien urna pretium nisl, ut volutpat sapien arcu sed augue. Aliquam erat volutpat.',1,1,0),(113,388,NULL,'Aenean lectus. Pellentesque eget nunc. Donec quis orci eget orci vehicula condimentum.',1,1,0),(115,71,NULL,NULL,1,1,1),(115,122,NULL,NULL,0,0,0),(115,197,NULL,'Maecenas ut massa quis augue luctus tincidunt. Nulla mollis molestie lorem. Quisque ut erat.',1,1,1),(115,204,NULL,NULL,1,1,0),(116,24,NULL,'Aenean fermentum. Donec ut mauris eget massa tempor convallis. Nulla neque libero, convallis eget, eleifend luctus, ultricies eu, nibh.',0,0,0),(116,125,NULL,NULL,0,0,0),(116,250,NULL,NULL,1,1,0),(116,252,NULL,'Sed ante. Vivamus tortor. Duis mattis egestas metus.',1,0,0),(117,199,NULL,NULL,0,0,0),(118,30,NULL,NULL,1,0,0),(118,170,NULL,'Curabitur in libero ut massa volutpat convallis. Morbi odio odio, elementum eu, interdum eu, tincidunt in, leo. Maecenas pulvinar lobortis est.',1,1,1),(119,250,NULL,NULL,1,1,0),(119,337,NULL,NULL,0,0,0),(120,72,NULL,NULL,1,1,1),(120,129,NULL,'Fusce posuere felis sed lacus. Morbi sem mauris, laoreet ut, rhoncus aliquet, pulvinar sed, nisl. Nunc rhoncus dui vel sem.',0,0,0),(120,130,NULL,NULL,1,1,1),(121,337,NULL,NULL,1,1,0),(122,276,NULL,NULL,0,0,0),(123,3,NULL,'Aliquam quis turpis eget elit sodales scelerisque. Mauris sit amet eros. Suspendisse accumsan tortor quis turpis.',0,0,0),(123,4,NULL,NULL,1,1,0),(123,314,NULL,'In sagittis dui vel nisl. Duis ac nibh. Fusce lacus purus, aliquet at, feugiat non, pretium quis, lectus.',1,1,0),(123,342,NULL,'Curabitur in libero ut massa volutpat convallis. Morbi odio odio, elementum eu, interdum eu, tincidunt in, leo. Maecenas pulvinar lobortis est.',1,1,0),(123,394,NULL,NULL,0,0,0),(125,62,NULL,NULL,0,0,0),(125,165,NULL,'Fusce posuere felis sed lacus. Morbi sem mauris, laoreet ut, rhoncus aliquet, pulvinar sed, nisl. Nunc rhoncus dui vel sem.',0,0,0),(125,349,NULL,NULL,1,1,0),(126,10,NULL,'Cras mi pede, malesuada in, imperdiet et, commodo vulputate, justo. In blandit ultrices enim. Lorem ipsum dolor sit amet, consectetuer adipiscing elit.',0,0,0),(126,44,NULL,'Nullam porttitor lacus at turpis. Donec posuere metus vitae ipsum. Aliquam non mauris.',1,1,0),(126,362,NULL,NULL,0,0,0),(127,91,NULL,NULL,1,1,0),(127,124,NULL,'Praesent id massa id nisl venenatis lacinia. Aenean sit amet justo. Morbi ut odio.',0,0,0),(127,326,NULL,'Proin interdum mauris non ligula pellentesque ultrices. Phasellus id sapien in sapien iaculis congue. Vivamus metus arcu, adipiscing molestie, hendrerit at, vulputate vitae, nisl.',0,0,0),(127,383,NULL,NULL,1,1,0),(128,61,NULL,'Aenean fermentum. Donec ut mauris eget massa tempor convallis. Nulla neque libero, convallis eget, eleifend luctus, ultricies eu, nibh.',1,1,1),(129,13,NULL,'Proin eu mi. Nulla ac enim. In tempor, turpis nec euismod scelerisque, quam turpis adipiscing lorem, vitae mattis nibh ligula nec sem.',0,0,0),(129,365,NULL,'Vestibulum ac est lacinia nisi venenatis tristique. Fusce congue, diam id ornare imperdiet, sapien urna pretium nisl, ut volutpat sapien arcu sed augue. Aliquam erat volutpat.',0,0,0),(130,140,NULL,NULL,1,0,0),(130,152,NULL,NULL,0,0,0),(130,171,NULL,NULL,1,1,1),(130,316,NULL,NULL,1,1,1),(131,55,NULL,NULL,0,0,0),(131,195,NULL,NULL,1,1,0),(131,204,NULL,NULL,1,1,0),(132,333,NULL,NULL,0,0,0),(132,374,NULL,NULL,1,1,1),(133,90,NULL,NULL,0,0,0),(133,184,NULL,NULL,1,1,1),(134,201,NULL,'In hac habitasse platea dictumst. Etiam faucibus cursus urna. Ut tellus.',1,1,1),(134,278,NULL,NULL,0,0,0),(134,396,NULL,NULL,1,1,1),(135,313,NULL,NULL,1,1,1),(136,50,NULL,'Phasellus in felis. Donec semper sapien a libero. Nam dui.',0,0,0),(136,56,NULL,NULL,1,1,1),(136,190,NULL,'Integer tincidunt ante vel ipsum. Praesent blandit lacinia erat. Vestibulum sed magna at nunc commodo placerat.',0,0,0),(137,95,NULL,'Proin leo odio, porttitor id, consequat in, consequat ut, nulla. Sed accumsan felis. Ut at dolor quis odio consequat varius.',1,1,0),(138,43,NULL,'Vestibulum ac est lacinia nisi venenatis tristique. Fusce congue, diam id ornare imperdiet, sapien urna pretium nisl, ut volutpat sapien arcu sed augue. Aliquam erat volutpat.',1,1,1),(140,50,NULL,NULL,0,0,0),(140,264,NULL,'Praesent id massa id nisl venenatis lacinia. Aenean sit amet justo. Morbi ut odio.',0,0,0),(143,30,NULL,'Nullam porttitor lacus at turpis. Donec posuere metus vitae ipsum. Aliquam non mauris.',0,0,0),(143,181,NULL,NULL,1,1,0),(144,56,NULL,'Duis consequat dui nec nisi volutpat eleifend. Donec ut dolor. Morbi vel lectus in quam fringilla rhoncus.',1,1,1),(144,268,NULL,NULL,0,0,0),(144,395,NULL,'Praesent blandit. Nam nulla. Integer pede justo, lacinia eget, tincidunt eget, tempus vel, pede.',0,0,0),(145,143,NULL,'Nulla ut erat id mauris vulputate elementum. Nullam varius. Nulla facilisi.',0,0,0),(145,265,NULL,'Nulla ut erat id mauris vulputate elementum. Nullam varius. Nulla facilisi.',0,0,0),(145,296,NULL,NULL,1,1,0),(146,31,NULL,NULL,1,1,1),(147,56,NULL,NULL,0,0,0),(147,76,NULL,'Fusce consequat. Nulla nisl. Nunc nisl.',1,1,1),(147,80,NULL,NULL,1,1,0),(147,209,NULL,'Aenean fermentum. Donec ut mauris eget massa tempor convallis. Nulla neque libero, convallis eget, eleifend luctus, ultricies eu, nibh.',0,0,0),(148,316,NULL,'Duis bibendum, felis sed interdum venenatis, turpis enim blandit mi, in porttitor pede justo eu massa. Donec dapibus. Duis at velit eu est congue elementum.',1,0,0),(148,345,NULL,'Aliquam quis turpis eget elit sodales scelerisque. Mauris sit amet eros. Suspendisse accumsan tortor quis turpis.',0,0,0),(150,51,NULL,'Cras non velit nec nisi vulputate nonummy. Maecenas tincidunt lacus at velit. Vivamus vel nulla eget eros elementum pellentesque.',1,0,0),(150,345,NULL,NULL,1,1,0),(151,8,NULL,NULL,0,0,0),(151,68,NULL,'Integer tincidunt ante vel ipsum. Praesent blandit lacinia erat. Vestibulum sed magna at nunc commodo placerat.',0,0,0),(151,85,NULL,'Vestibulum ac est lacinia nisi venenatis tristique. Fusce congue, diam id ornare imperdiet, sapien urna pretium nisl, ut volutpat sapien arcu sed augue. Aliquam erat volutpat.',0,0,0),(152,59,NULL,'Curabitur in libero ut massa volutpat convallis. Morbi odio odio, elementum eu, interdum eu, tincidunt in, leo. Maecenas pulvinar lobortis est.',0,0,0),(153,328,NULL,NULL,1,0,0),(154,7,NULL,NULL,1,1,0),(154,217,NULL,'Maecenas tristique, est et tempus semper, est quam pharetra magna, ac consequat metus sapien ut nunc. Vestibulum ante ipsum primis in faucibus orci luctus et ultrices posuere cubilia Curae; Mauris viverra diam vitae quam. Suspendisse potenti.',0,0,0),(154,346,NULL,NULL,0,0,0),(154,400,NULL,NULL,0,0,0),(156,82,NULL,'Cras mi pede, malesuada in, imperdiet et, commodo vulputate, justo. In blandit ultrices enim. Lorem ipsum dolor sit amet, consectetuer adipiscing elit.',1,0,0),(156,181,NULL,'Curabitur in libero ut massa volutpat convallis. Morbi odio odio, elementum eu, interdum eu, tincidunt in, leo. Maecenas pulvinar lobortis est.',1,1,1),(157,1,NULL,'Proin eu mi. Nulla ac enim. In tempor, turpis nec euismod scelerisque, quam turpis adipiscing lorem, vitae mattis nibh ligula nec sem.',0,0,0),(157,158,NULL,'Maecenas ut massa quis augue luctus tincidunt. Nulla mollis molestie lorem. Quisque ut erat.',0,0,0),(157,283,NULL,NULL,1,1,0),(157,314,NULL,'Morbi non lectus. Aliquam sit amet diam in magna bibendum imperdiet. Nullam orci pede, venenatis non, sodales sed, tincidunt eu, felis.',0,0,0),(158,183,NULL,NULL,0,0,0),(158,273,NULL,'Cum sociis natoque penatibus et magnis dis parturient montes, nascetur ridiculus mus. Vivamus vestibulum sagittis sapien. Cum sociis natoque penatibus et magnis dis parturient montes, nascetur ridiculus mus.',1,1,1),(159,259,NULL,'Duis bibendum, felis sed interdum venenatis, turpis enim blandit mi, in porttitor pede justo eu massa. Donec dapibus. Duis at velit eu est congue elementum.',1,1,1),(159,352,NULL,'Fusce posuere felis sed lacus. Morbi sem mauris, laoreet ut, rhoncus aliquet, pulvinar sed, nisl. Nunc rhoncus dui vel sem.',1,1,1),(160,183,NULL,'Fusce posuere felis sed lacus. Morbi sem mauris, laoreet ut, rhoncus aliquet, pulvinar sed, nisl. Nunc rhoncus dui vel sem.',0,0,0),(162,53,NULL,NULL,0,0,0),(162,236,NULL,'Proin eu mi. Nulla ac enim. In tempor, turpis nec euismod scelerisque, quam turpis adipiscing lorem, vitae mattis nibh ligula nec sem.',1,1,1),(164,73,NULL,NULL,0,0,0),(164,109,NULL,'Maecenas tristique, est et tempus semper, est quam pharetra magna, ac consequat metus sapien ut nunc. Vestibulum ante ipsum primis in faucibus orci luctus et ultrices posuere cubilia Curae; Mauris viverra diam vitae quam. Suspendisse potenti.',0,0,0),(165,355,NULL,NULL,0,0,0),(166,45,NULL,'Duis aliquam convallis nunc. Proin at turpis a pede posuere nonummy. Integer non velit.',0,0,0),(166,222,NULL,'Sed ante. Vivamus tortor. Duis mattis egestas metus.',1,1,1),(167,313,NULL,'Maecenas tristique, est et tempus semper, est quam pharetra magna, ac consequat metus sapien ut nunc. Vestibulum ante ipsum primis in faucibus orci luctus et ultrices posuere cubilia Curae; Mauris viverra diam vitae quam. Suspendisse potenti.',0,0,0),(168,231,NULL,'Maecenas ut massa quis augue luctus tincidunt. Nulla mollis molestie lorem. Quisque ut erat.',0,0,0),(169,10,NULL,NULL,1,1,0),(169,80,NULL,NULL,1,1,0),(169,83,NULL,'Quisque porta volutpat erat. Quisque erat eros, viverra eget, congue eget, semper rutrum, nulla. Nunc purus.',0,0,0),(170,74,NULL,NULL,1,1,1),(170,332,NULL,NULL,1,1,1),(171,28,NULL,NULL,0,0,0),(171,309,NULL,'Fusce consequat. Nulla nisl. Nunc nisl.',1,1,1),(172,21,NULL,NULL,0,0,0),(172,125,NULL,NULL,0,0,0),(172,269,NULL,'Maecenas tristique, est et tempus semper, est quam pharetra magna, ac consequat metus sapien ut nunc. Vestibulum ante ipsum primis in faucibus orci luctus et ultrices posuere cubilia Curae; Mauris viverra diam vitae quam. Suspendisse potenti.',0,0,0),(172,364,NULL,NULL,1,0,0),(173,124,NULL,'Donec diam neque, vestibulum eget, vulputate ut, ultrices vel, augue. Vestibulum ante ipsum primis in faucibus orci luctus et ultrices posuere cubilia Curae; Donec pharetra, magna vestibulum aliquet ultrices, erat tortor sollicitudin mi, sit amet lobortis sapien sapien non mi. Integer ac neque.',1,1,1),(173,190,NULL,'In sagittis dui vel nisl. Duis ac nibh. Fusce lacus purus, aliquet at, feugiat non, pretium quis, lectus.',1,1,1),(174,291,NULL,NULL,1,1,0),(176,54,NULL,'In sagittis dui vel nisl. Duis ac nibh. Fusce lacus purus, aliquet at, feugiat non, pretium quis, lectus.',1,1,1),(176,110,NULL,'Pellentesque at nulla. Suspendisse potenti. Cras in purus eu magna vulputate luctus.',1,1,0),(176,382,NULL,NULL,0,0,0),(177,362,NULL,'Quisque porta volutpat erat. Quisque erat eros, viverra eget, congue eget, semper rutrum, nulla. Nunc purus.',0,0,0),(178,155,NULL,NULL,0,0,0),(178,183,NULL,'Fusce posuere felis sed lacus. Morbi sem mauris, laoreet ut, rhoncus aliquet, pulvinar sed, nisl. Nunc rhoncus dui vel sem.',1,1,0),(179,4,NULL,NULL,0,0,0),(179,52,NULL,'Proin interdum mauris non ligula pellentesque ultrices. Phasellus id sapien in sapien iaculis congue. Vivamus metus arcu, adipiscing molestie, hendrerit at, vulputate vitae, nisl.',0,0,0),(180,30,NULL,'Duis bibendum, felis sed interdum venenatis, turpis enim blandit mi, in porttitor pede justo eu massa. Donec dapibus. Duis at velit eu est congue elementum.',0,0,0),(180,239,NULL,'Proin leo odio, porttitor id, consequat in, consequat ut, nulla. Sed accumsan felis. Ut at dolor quis odio consequat varius.',0,0,0),(181,74,NULL,'Fusce consequat. Nulla nisl. Nunc nisl.',1,1,1),(181,343,NULL,NULL,0,0,0),(182,32,NULL,NULL,1,1,1),(182,296,NULL,NULL,1,1,0),(183,262,NULL,'In congue. Etiam justo. Etiam pretium iaculis justo.',0,0,0),(184,31,NULL,'Maecenas tristique, est et tempus semper, est quam pharetra magna, ac consequat metus sapien ut nunc. Vestibulum ante ipsum primis in faucibus orci luctus et ultrices posuere cubilia Curae; Mauris viverra diam vitae quam. Suspendisse potenti.',0,0,0),(184,146,NULL,NULL,0,0,0),(184,276,NULL,NULL,1,1,1),(184,351,NULL,'Aenean lectus. Pellentesque eget nunc. Donec quis orci eget orci vehicula condimentum.',1,0,0),(185,307,NULL,'Nam ultrices, libero non mattis pulvinar, nulla pede ullamcorper augue, a suscipit nulla elit ac nulla. Sed vel enim sit amet nunc viverra dapibus. Nulla suscipit ligula in lacus.',0,0,0),(185,393,NULL,'Proin leo odio, porttitor id, consequat in, consequat ut, nulla. Sed accumsan felis. Ut at dolor quis odio consequat varius.',1,1,1),(187,125,NULL,'Curabitur gravida nisi at nibh. In hac habitasse platea dictumst. Aliquam augue quam, sollicitudin vitae, consectetuer eget, rutrum at, lorem.',0,0,0),(187,257,NULL,'In hac habitasse platea dictumst. Morbi vestibulum, velit id pretium iaculis, diam erat fermentum justo, nec condimentum neque sapien placerat ante. Nulla justo.',1,1,1),(187,279,NULL,NULL,1,1,0),(188,358,NULL,NULL,1,1,0),(189,169,NULL,NULL,0,0,0),(190,176,NULL,'Proin leo odio, porttitor id, consequat in, consequat ut, nulla. Sed accumsan felis. Ut at dolor quis odio consequat varius.',1,1,0),(190,178,NULL,NULL,0,0,0),(191,223,NULL,'Integer tincidunt ante vel ipsum. Praesent blandit lacinia erat. Vestibulum sed magna at nunc commodo placerat.',1,1,0),(191,278,NULL,NULL,0,0,0),(192,131,NULL,'Quisque porta volutpat erat. Quisque erat eros, viverra eget, congue eget, semper rutrum, nulla. Nunc purus.',1,1,1),(192,333,NULL,NULL,1,0,0),(192,395,NULL,NULL,0,0,0),(193,131,NULL,NULL,0,0,0),(194,8,NULL,'Praesent id massa id nisl venenatis lacinia. Aenean sit amet justo. Morbi ut odio.',1,1,0),(194,11,NULL,NULL,0,0,0),(194,60,NULL,'Nam ultrices, libero non mattis pulvinar, nulla pede ullamcorper augue, a suscipit nulla elit ac nulla. Sed vel enim sit amet nunc viverra dapibus. Nulla suscipit ligula in lacus.',0,0,0),(194,119,NULL,NULL,0,0,0),(194,194,NULL,NULL,0,0,0),(194,345,NULL,NULL,0,0,0),(194,373,NULL,NULL,1,1,1),(194,395,NULL,'Phasellus in felis. Donec semper sapien a libero. Nam dui.',0,0,0),(195,275,NULL,NULL,1,1,0),(195,280,NULL,'Aliquam quis turpis eget elit sodales scelerisque. Mauris sit amet eros. Suspendisse accumsan tortor quis turpis.',0,0,0),(195,347,NULL,'Vestibulum ac est lacinia nisi venenatis tristique. Fusce congue, diam id ornare imperdiet, sapien urna pretium nisl, ut volutpat sapien arcu sed augue. Aliquam erat volutpat.',1,1,0),(196,4,NULL,NULL,1,1,1),(197,66,NULL,NULL,1,1,0),(198,29,NULL,'Curabitur gravida nisi at nibh. In hac habitasse platea dictumst. Aliquam augue quam, sollicitudin vitae, consectetuer eget, rutrum at, lorem.',0,0,0),(198,76,NULL,NULL,0,0,0),(199,185,NULL,'In sagittis dui vel nisl. Duis ac nibh. Fusce lacus purus, aliquet at, feugiat non, pretium quis, lectus.',0,0,0),(199,194,NULL,'Vestibulum ac est lacinia nisi venenatis tristique. Fusce congue, diam id ornare imperdiet, sapien urna pretium nisl, ut volutpat sapien arcu sed augue. Aliquam erat volutpat.',0,0,0),(199,204,NULL,'Proin eu mi. Nulla ac enim. In tempor, turpis nec euismod scelerisque, quam turpis adipiscing lorem, vitae mattis nibh ligula nec sem.',0,0,0),(199,210,NULL,'Maecenas leo odio, condimentum id, luctus nec, molestie sed, justo. Pellentesque viverra pede ac diam. Cras pellentesque volutpat dui.',1,1,0),(199,214,NULL,NULL,0,0,0),(199,279,NULL,NULL,1,1,1),(200,96,NULL,NULL,1,1,1),(200,167,NULL,'Cras non velit nec nisi vulputate nonummy. Maecenas tincidunt lacus at velit. Vivamus vel nulla eget eros elementum pellentesque.',0,0,0),(200,310,NULL,NULL,1,0,0),(200,335,NULL,'Vestibulum ac est lacinia nisi venenatis tristique. Fusce congue, diam id ornare imperdiet, sapien urna pretium nisl, ut volutpat sapien arcu sed augue. Aliquam erat volutpat.',1,1,1);
/*!40000 ALTER TABLE `application` ENABLE KEYS */;
UNLOCK TABLES;

--
-- Table structure for table `company`
--

DROP TABLE IF EXISTS `company`;
/*!40101 SET @saved_cs_client     = @@character_set_client */;
/*!50503 SET character_set_client = utf8mb4 */;
CREATE TABLE `company` (
  `id` int NOT NULL AUTO_INCREMENT,
  `name` varchar(255) NOT NULL,
  `description` varchar(255) DEFAULT NULL,
  `city` varchar(255) DEFAULT NULL,
  `country` varchar(255) DEFAULT NULL,
  `address` varchar(255) DEFAULT NULL,
  `phone` varchar(255) DEFAULT NULL,
  `email` varchar(255) NOT NULL,
  `password` varchar(255) NOT NULL,
  `internships_manager_id` int NOT NULL,
  PRIMARY KEY (`id`),
  UNIQUE KEY `company_email_uindex` (`email`),
  KEY `company_internships_manager_id_fk` (`internships_manager_id`),
  CONSTRAINT `company_internships_manager_id_fk` FOREIGN KEY (`internships_manager_id`) REFERENCES `internships_manager` (`id`)
) ENGINE=InnoDB AUTO_INCREMENT=21 DEFAULT CHARSET=utf8mb4 COLLATE=utf8mb4_0900_ai_ci;
/*!40101 SET character_set_client = @saved_cs_client */;

--
-- Dumping data for table `company`
--

LOCK TABLES `company` WRITE;
/*!40000 ALTER TABLE `company` DISABLE KEYS */;
INSERT INTO `company` VALUES (1,'Zoombeat',NULL,'Cochrane',NULL,'69988 Barby Park','2832212609','ccrickmer0@ihg.com','39f7652c0e1242838ba2f8ee6afd6ffdc482f63b',5),(2,'Jaloo',NULL,'Rakitovo','Bulgaria',NULL,'3573751569','gwenden1@devhub.com','d7561fb5290293bfda4fc6465a3ce77812265548',4),(3,'Centizu','Aenean fermentum.','Gaocang',NULL,NULL,'1869893009','ftirrell2@bluehost.com','f13778ab78569007fda1e396ff35dd293d96779f',6),(4,'Edgeify','Etiam vel augue.','Balgatay',NULL,NULL,'1313153239','lneggrini3@fastcompany.com','543ebbc06095bfcc95321f781026c47635261d23',8),(5,'Rhyzio',NULL,NULL,NULL,NULL,NULL,'skenwrick4@delicious.com','122480f60ace086207b0320d670760df4ed33f9c',3),(6,'Livetube','Lorem ipsum dolor sit amet, consectetuer adipiscing elit.','Chyhyryn',NULL,NULL,'4426830953','fkighly5@sbwire.com','fbf0febda34d32c53e441b25775eee667fef9f2e',5),(7,'Ailane','Sed vel enim sit amet nunc viverra dapibus. Nulla suscipit ligula in lacus.','Alta Gracia','Argentina',NULL,'5466886605','rspillard6@spiegel.de','bda5160826fdbd81ba3baeadd244c564bcf95927',5),(8,'Tazz',NULL,'Cortes','Portugal','6 Sunbrook Place','6655239235','rtuckey7@squidoo.com','45f6ac3d93bb1382916c02ca5790875742b2b864',5),(9,'Wikizz',NULL,NULL,'Syria',NULL,NULL,'alinggood8@symantec.com','1c238e577681afa694e7fb9404c508ce4dbe39b7',5),(10,'Zoonoodle',NULL,'Paris 16','France',NULL,'9961099145','fquirk9@reuters.com','293f4045a52ef43b0bf321c60ed4c2102f749873',2),(11,'Jazzy',NULL,'Ajoyani','Peru',NULL,'7545837110','isquibbesa@bloomberg.com','077f632dd4b07ba9fc1f1b88b3bc788cf4939fc5',10),(12,'Myworks','Fusce lacus purus, aliquet at, feugiat non, pretium quis, lectus. Suspendisse potenti. In eleifend quam a odio.',NULL,'Philippines',NULL,NULL,'ktorrejonb@reverbnation.com','6a4378a3c1b8a0480a348b1211c5fc8675376d04',1),(13,'Babblestorm','Nullam orci pede, venenatis non, sodales sed, tincidunt eu, felis.',NULL,'China',NULL,NULL,'dluetkemeyerc@cornell.edu','dbaba39abb0ed1e71a495155a18b5c2994b49cd2',4),(14,'Twinte','Praesent id massa id nisl venenatis lacinia. Aenean sit amet justo.',NULL,'Vietnam',NULL,NULL,'cdobyd@soundcloud.com','f79f78369dee648a13daa356ad1988f38f2d0e81',9),(15,'Dynabox',NULL,NULL,NULL,NULL,NULL,'htoohere@live.com','296253ff6eb3930e61395b0001c7e83eb42e84f1',6),(16,'Ailane','Mauris enim leo, rhoncus sed, vestibulum sit amet, cursus id, turpis.',NULL,'China',NULL,NULL,'mmelsonf@mysql.com','30106b8691ab3f0de9e0766b14ce996d8ffd5a24',8),(17,'Zazio','Maecenas rhoncus aliquam lacus.','Munduk','Indonesia',NULL,'8828220206','bseigniorg@usgs.gov','ed2b127b9d3e77b2972dfbe76edaf6f32f435b53',6),(18,'Oyonder',NULL,NULL,NULL,NULL,NULL,'glaughrenh@networksolutions.com','3e3bef04bae724d55fea1d1de85c30c1f109d15b',8),(19,'Realblab','Quisque ut erat.',NULL,'Malaysia','7606 Meadow Vale Terrace',NULL,'gheinoi@unesco.org','811e5a8a0281760a15d93f7ad2749b984d3866c3',6),(20,'Demimbu',NULL,'Angadanan',NULL,'075 Eagan Road','3179161104','ebretonj@hc360.com','f315c41308f2271fb5dd00accd2e816bd9fb51a5',7);
/*!40000 ALTER TABLE `company` ENABLE KEYS */;
UNLOCK TABLES;

--
-- Table structure for table `education`
--

DROP TABLE IF EXISTS `education`;
/*!40101 SET @saved_cs_client     = @@character_set_client */;
/*!50503 SET character_set_client = utf8mb4 */;
CREATE TABLE `education` (
  `id` int NOT NULL AUTO_INCREMENT,
  `start_date` date DEFAULT NULL,
  `end_date` date DEFAULT NULL,
  `name` varchar(255) NOT NULL,
  `student_id` int NOT NULL,
  PRIMARY KEY (`id`),
  KEY `education_student_id_fk` (`student_id`),
  CONSTRAINT `education_student_id_fk` FOREIGN KEY (`student_id`) REFERENCES `student` (`id`)
) ENGINE=InnoDB AUTO_INCREMENT=101 DEFAULT CHARSET=utf8mb4 COLLATE=utf8mb4_0900_ai_ci;
/*!40101 SET character_set_client = @saved_cs_client */;

--
-- Dumping data for table `education`
--

LOCK TABLES `education` WRITE;
/*!40000 ALTER TABLE `education` DISABLE KEYS */;
INSERT INTO `education` VALUES (1,NULL,NULL,'Gaziosmanpasa University',167),(2,NULL,NULL,'State Engineering University of Armenia',179),(3,'2018-09-25','2020-03-10','Kibi International University',31),(4,'2019-06-10','2019-11-19','Florida University of Medicine',351),(5,NULL,NULL,'Brandeis University',294),(6,'2019-01-24','2019-10-19','Debrecen University of Agricultural Sciences',33),(7,'2019-01-03','2019-09-06','Calumet College of St. Joseph',331),(8,NULL,NULL,'Universitas Pekalongan',388),(9,NULL,NULL,'Universidad An├íhuac del Sur',4),(10,NULL,NULL,'Indian Institute of Information Technology and Management - Kerala',242),(11,NULL,NULL,'Pusan National University',372),(12,'2018-11-10','2020-04-22','National American University, Colorado Springs',19),(13,'2019-06-03','2020-02-10','Louisiana College',309),(14,'2019-01-15','2019-11-02','Universidad de Tarapac├í',337),(15,NULL,NULL,'Ludong University',4),(16,NULL,NULL,'Wilberforce University',56),(17,NULL,NULL,'Universitas Katolik Soegijapranoto',96),(18,NULL,NULL,'Estonian Academy of Security Sciences',85),(19,'2019-04-25','2020-06-24','MCI-Management Center Innsbruck',275),(20,'2019-02-20','2020-02-25','New York Instiute of Technology',30),(21,NULL,NULL,'Institut Teknologi Bandung',131),(22,NULL,NULL,'Elizabethtown College',39),(23,NULL,NULL,'Universitas Islam Bandung',240),(24,'2018-12-25','2020-05-11','Kumamoto Institute of Technology',269),(25,'2019-03-26','2019-11-11','Internationle Akademie f├╝r Philosophie',243),(26,'2019-04-14','2020-01-11','Hartford College for Women',322),(27,NULL,NULL,'Al-baha University',312),(28,NULL,NULL,'Beijing Information Science and Technology University',223),(29,NULL,NULL,'Darul Huda Islamic University',212),(30,NULL,NULL,'Baltimore International College',314),(31,'2019-03-15','2019-12-17','Pioneer International University',355),(32,NULL,NULL,'Instituto Polit├®cnico de Castelo Branco',176),(33,NULL,NULL,'Universit├® de Metz',182),(34,'2019-01-06','2019-12-24','Allianze College of Medical Sciences (ACMS)',278),(35,'2018-09-02','2020-03-24','Wheeling Jesuit University',343),(36,NULL,NULL,'Centre Universitaire de Technologie',389),(37,'2019-03-07','2019-09-05','Wonkwang University',361),(38,'2019-04-30','2020-01-25','Tbilisi State University',32),(39,NULL,NULL,'Ethiopian Civil Service University',333),(40,NULL,NULL,'Perlis Islamic Higher Learning Institute',211),(41,'2019-03-23','2020-05-19','Ural State Technical University',103),(42,NULL,NULL,'University of Wah',369),(43,NULL,NULL,'University of South Dakota',183),(44,NULL,NULL,'Debre Birhan University',10),(45,'2019-05-29','2020-02-23','Universitas Semarang',335),(46,'2019-05-07','2019-11-26','University Vitez In Travnik',212),(47,NULL,NULL,'Technical University of Radom',317),(48,'2019-02-26','2019-11-25','Universidad Amazonica de Pando',370),(49,'2018-09-13','2019-11-28','Fukuoka University',14),(50,'2019-02-15','2019-09-16','Abylai Khan University',363),(51,'2019-03-24','2020-02-16','Universidad Nacional Experimental de Guayana',130),(52,'2018-12-14','2020-04-26','Andon College - Stockton',79),(53,'2019-02-07','2020-04-10','Central Baptist College',296),(54,NULL,NULL,'Gannon University',167),(55,'2019-01-09','2020-02-16','Guangdong University of Foreign Studies',157),(56,NULL,NULL,'Kyoto City University of Arts',36),(57,'2018-10-07','2019-10-14','University of Dublin, Trinity College',251),(58,NULL,NULL,'Universidad de La Laguna',353),(59,'2019-06-18','2019-10-11','Faculdade Jaguari├║na',22),(60,'2019-06-20','2019-09-28','Universidad Marcelino Champagnat',203),(61,'2018-11-11','2019-11-16','Colby College',366),(62,NULL,NULL,'Kyushu International University',206),(63,NULL,NULL,'Holy Angel University',399),(64,NULL,NULL,'University of Leicester',96),(65,NULL,NULL,'University of National and World Economy',236),(66,'2019-03-10','2020-06-17','New England School of Law',140),(67,NULL,NULL,'Qinghai Normal University',109),(68,NULL,NULL,'Kawasaki University of Medical Care',339),(69,'2018-11-21','2020-01-18','University of Cambridge',354),(70,'2019-01-03','2020-01-10','Sapporo International University',367),(71,NULL,NULL,'Bradley University',99),(72,NULL,NULL,'Darul Quran Islamic College University',242),(73,NULL,NULL,'Jarvis Christian College',115),(74,NULL,NULL,'Universit├® Catholique de Lille',172),(75,'2018-09-10','2019-11-19','Sylhet Engineering College',363),(76,NULL,NULL,'University of Veterinary Medicine in Kosice',152),(77,'2018-12-22','2020-05-31','Mangalore University',82),(78,NULL,NULL,'Idaho State University',230),(79,'2018-12-02','2019-11-18','Basilicata University Potenza',148),(80,NULL,NULL,'Dnepropetrovsk National University of Railway Transport',167),(81,NULL,NULL,'Tallinn University',47),(82,'2019-02-01','2020-01-27','Izmir Institute of Technology',240),(83,NULL,NULL,'Daiichi University of Economics',339),(84,'2019-03-06','2020-02-03','University of Salford',24),(85,'2019-05-22','2020-02-07','Appalachian Bible College',187),(86,NULL,NULL,'City University Athens',203),(87,'2018-12-13','2020-02-11','Ungku Omar Premier Polytechnic',400),(88,'2018-09-23','2020-03-12','Universidad T├®cnica de Babahoyo',355),(89,NULL,NULL,'Troy University, Phenix City',176),(90,NULL,NULL,'PSG College of Technology',376),(91,'2019-05-15','2019-12-23','Universidad Privada Boliviana',101),(92,'2019-03-04','2019-12-03','Institut Catholique d\'Arts et M├®tiers Lille',24),(93,NULL,NULL,'Mid-Sweden University',256),(94,NULL,NULL,'Universidade Castelo Branco',350),(95,'2018-11-20','2020-05-18','Universidad Austral Buenos Aires',98),(96,NULL,NULL,'Malaysia University of Science and Technology (MUST)',81),(97,'2018-10-20','2019-09-25','Jimei University',207),(98,'2018-11-09','2020-03-28','University of Marketing and Distribution Sciences',17),(99,'2019-01-05','2020-03-01','Khabarovsk State Academy of Economics and Law',116),(100,NULL,NULL,'Universidad Pedag├│gica Veracruzana',310);
/*!40000 ALTER TABLE `education` ENABLE KEYS */;
UNLOCK TABLES;

--
-- Table structure for table `experience`
--

DROP TABLE IF EXISTS `experience`;
/*!40101 SET @saved_cs_client     = @@character_set_client */;
/*!50503 SET character_set_client = utf8mb4 */;
CREATE TABLE `experience` (
  `id` int NOT NULL AUTO_INCREMENT,
  `start_date` date DEFAULT NULL,
  `end_date` date DEFAULT NULL,
  `description` varchar(255) NOT NULL,
  `student_id` int NOT NULL,
  PRIMARY KEY (`id`),
  KEY `experience_student_id_fk` (`student_id`),
  CONSTRAINT `experience_student_id_fk` FOREIGN KEY (`student_id`) REFERENCES `student` (`id`)
) ENGINE=InnoDB AUTO_INCREMENT=101 DEFAULT CHARSET=utf8mb4 COLLATE=utf8mb4_0900_ai_ci;
/*!40101 SET character_set_client = @saved_cs_client */;

--
-- Dumping data for table `experience`
--

LOCK TABLES `experience` WRITE;
/*!40000 ALTER TABLE `experience` DISABLE KEYS */;
INSERT INTO `experience` VALUES (1,NULL,NULL,'Suspendisse ornare consequat lectus.',258),(2,NULL,NULL,'Nulla tempus.',315),(3,NULL,NULL,'Aliquam quis turpis eget elit sodales scelerisque.',268),(4,'2019-05-05','2019-08-02','In eleifend quam a odio. In hac habitasse platea dictumst. Maecenas ut massa quis augue luctus tincidunt.',200),(5,NULL,NULL,'Curabitur in libero ut massa volutpat convallis. Morbi odio odio, elementum eu, interdum eu, tincidunt in, leo.',91),(6,'2019-05-02','2019-08-28','Morbi quis tortor id nulla ultrices aliquet.',164),(7,'2019-06-17','2019-08-29','Praesent blandit lacinia erat. Vestibulum sed magna at nunc commodo placerat. Praesent blandit.',330),(8,'2019-06-12','2019-08-03','Pellentesque at nulla. Suspendisse potenti. Cras in purus eu magna vulputate luctus.',230),(9,'2019-06-10','2019-08-17','Nam ultrices, libero non mattis pulvinar, nulla pede ullamcorper augue, a suscipit nulla elit ac nulla. Sed vel enim sit amet nunc viverra dapibus.',198),(10,NULL,NULL,'Proin risus. Praesent lectus.',282),(11,NULL,NULL,'In hac habitasse platea dictumst. Morbi vestibulum, velit id pretium iaculis, diam erat fermentum justo, nec condimentum neque sapien placerat ante.',322),(12,'2019-06-01','2019-08-14','Duis at velit eu est congue elementum.',273),(13,'2019-05-03','2019-08-29','Vestibulum rutrum rutrum neque. Aenean auctor gravida sem.',54),(14,'2019-06-27','2019-08-18','Nam ultrices, libero non mattis pulvinar, nulla pede ullamcorper augue, a suscipit nulla elit ac nulla.',16),(15,NULL,NULL,'Proin leo odio, porttitor id, consequat in, consequat ut, nulla. Sed accumsan felis. Ut at dolor quis odio consequat varius.',164),(16,'2019-06-26','2019-08-19','Suspendisse potenti. Nullam porttitor lacus at turpis.',267),(17,'2019-06-14','2019-08-01','Morbi vel lectus in quam fringilla rhoncus. Mauris enim leo, rhoncus sed, vestibulum sit amet, cursus id, turpis.',175),(18,NULL,NULL,'Nulla suscipit ligula in lacus. Curabitur at ipsum ac tellus semper interdum.',285),(19,NULL,NULL,'Nulla justo. Aliquam quis turpis eget elit sodales scelerisque.',329),(20,'2019-05-16','2019-08-03','Maecenas tristique, est et tempus semper, est quam pharetra magna, ac consequat metus sapien ut nunc. Vestibulum ante ipsum primis in faucibus orci luctus et ultrices posuere cubilia Curae; Mauris viverra diam vitae quam.',248),(21,NULL,NULL,'In congue. Etiam justo.',222),(22,NULL,NULL,'Proin leo odio, porttitor id, consequat in, consequat ut, nulla. Sed accumsan felis.',293),(23,'2019-05-23','2019-08-13','Nullam molestie nibh in lectus. Pellentesque at nulla. Suspendisse potenti.',348),(24,NULL,NULL,'Maecenas rhoncus aliquam lacus.',157),(25,NULL,NULL,'Vestibulum rutrum rutrum neque. Aenean auctor gravida sem. Praesent id massa id nisl venenatis lacinia.',386),(26,'2019-05-31','2019-08-05','Curabitur convallis. Duis consequat dui nec nisi volutpat eleifend.',94),(27,'2019-06-15','2019-08-20','Nulla suscipit ligula in lacus. Curabitur at ipsum ac tellus semper interdum. Mauris ullamcorper purus sit amet nulla.',2),(28,'2019-06-11','2019-08-30','Quisque erat eros, viverra eget, congue eget, semper rutrum, nulla. Nunc purus. Phasellus in felis.',86),(29,NULL,NULL,'Nam ultrices, libero non mattis pulvinar, nulla pede ullamcorper augue, a suscipit nulla elit ac nulla. Sed vel enim sit amet nunc viverra dapibus. Nulla suscipit ligula in lacus.',316),(30,'2019-05-20','2019-08-27','Ut tellus. Nulla ut erat id mauris vulputate elementum. Nullam varius.',95),(31,'2019-06-23','2019-08-26','Quisque ut erat. Curabitur gravida nisi at nibh. In hac habitasse platea dictumst.',86),(32,NULL,NULL,'In hac habitasse platea dictumst. Aliquam augue quam, sollicitudin vitae, consectetuer eget, rutrum at, lorem.',206),(33,NULL,NULL,'Aliquam non mauris. Morbi non lectus. Aliquam sit amet diam in magna bibendum imperdiet.',210),(34,'2019-05-27','2019-08-07','Duis bibendum, felis sed interdum venenatis, turpis enim blandit mi, in porttitor pede justo eu massa. Donec dapibus.',306),(35,NULL,NULL,'Ut at dolor quis odio consequat varius. Integer ac leo.',225),(36,NULL,NULL,'Aliquam augue quam, sollicitudin vitae, consectetuer eget, rutrum at, lorem. Integer tincidunt ante vel ipsum. Praesent blandit lacinia erat.',128),(37,'2019-06-16','2019-08-01','Praesent lectus. Vestibulum quam sapien, varius ut, blandit non, interdum in, ante. Vestibulum ante ipsum primis in faucibus orci luctus et ultrices posuere cubilia Curae; Duis faucibus accumsan odio.',87),(38,NULL,NULL,'Vestibulum ante ipsum primis in faucibus orci luctus et ultrices posuere cubilia Curae; Donec pharetra, magna vestibulum aliquet ultrices, erat tortor sollicitudin mi, sit amet lobortis sapien sapien non mi. Integer ac neque. Duis bibendum.',244),(39,'2019-05-01','2019-08-07','Nam congue, risus semper porta volutpat, quam pede lobortis ligula, sit amet eleifend pede libero quis orci. Nullam molestie nibh in lectus.',313),(40,'2019-06-07','2019-08-06','Donec dapibus. Duis at velit eu est congue elementum.',1),(41,NULL,NULL,'Integer pede justo, lacinia eget, tincidunt eget, tempus vel, pede.',101),(42,NULL,NULL,'Donec dapibus.',309),(43,NULL,NULL,'Sed ante. Vivamus tortor. Duis mattis egestas metus.',256),(44,NULL,NULL,'Proin interdum mauris non ligula pellentesque ultrices.',260),(45,'2019-06-22','2019-08-02','Vestibulum ante ipsum primis in faucibus orci luctus et ultrices posuere cubilia Curae; Duis faucibus accumsan odio. Curabitur convallis.',154),(46,NULL,NULL,'Proin interdum mauris non ligula pellentesque ultrices. Phasellus id sapien in sapien iaculis congue. Vivamus metus arcu, adipiscing molestie, hendrerit at, vulputate vitae, nisl.',217),(47,NULL,NULL,'Phasellus sit amet erat.',220),(48,'2019-06-16','2019-08-05','Maecenas ut massa quis augue luctus tincidunt.',326),(49,NULL,NULL,'Pellentesque eget nunc. Donec quis orci eget orci vehicula condimentum.',113),(50,NULL,NULL,'Praesent blandit. Nam nulla. Integer pede justo, lacinia eget, tincidunt eget, tempus vel, pede.',299),(51,'2019-05-08','2019-08-04','Aliquam non mauris. Morbi non lectus.',289),(52,NULL,NULL,'Pellentesque ultrices mattis odio. Donec vitae nisi.',155),(53,'2019-05-24','2019-08-27','Duis ac nibh. Fusce lacus purus, aliquet at, feugiat non, pretium quis, lectus. Suspendisse potenti.',108),(54,'2019-05-14','2019-08-08','Morbi ut odio.',384),(55,'2019-06-05','2019-08-02','Donec semper sapien a libero. Nam dui. Proin leo odio, porttitor id, consequat in, consequat ut, nulla.',95),(56,NULL,NULL,'Pellentesque viverra pede ac diam.',107),(57,NULL,NULL,'Mauris sit amet eros.',49),(58,'2019-06-07','2019-08-29','Donec ut dolor.',357),(59,'2019-05-08','2019-08-08','Nam dui.',143),(60,'2019-05-27','2019-08-28','In hac habitasse platea dictumst. Etiam faucibus cursus urna.',117),(61,'2019-05-12','2019-08-23','Morbi quis tortor id nulla ultrices aliquet. Maecenas leo odio, condimentum id, luctus nec, molestie sed, justo.',120),(62,'2019-05-01','2019-08-05','Maecenas leo odio, condimentum id, luctus nec, molestie sed, justo. Pellentesque viverra pede ac diam.',67),(63,'2019-05-24','2019-08-26','Duis ac nibh. Fusce lacus purus, aliquet at, feugiat non, pretium quis, lectus.',33),(64,NULL,NULL,'Etiam faucibus cursus urna. Ut tellus. Nulla ut erat id mauris vulputate elementum.',328),(65,'2019-06-29','2019-08-12','In est risus, auctor sed, tristique in, tempus sit amet, sem.',77),(66,'2019-06-17','2019-08-20','Praesent blandit lacinia erat. Vestibulum sed magna at nunc commodo placerat. Praesent blandit.',169),(67,NULL,NULL,'Nam congue, risus semper porta volutpat, quam pede lobortis ligula, sit amet eleifend pede libero quis orci.',214),(68,NULL,NULL,'Nulla facilisi. Cras non velit nec nisi vulputate nonummy.',325),(69,'2019-06-26','2019-08-04','Praesent blandit lacinia erat. Vestibulum sed magna at nunc commodo placerat.',108),(70,'2019-06-04','2019-08-20','Nulla neque libero, convallis eget, eleifend luctus, ultricies eu, nibh. Quisque id justo sit amet sapien dignissim vestibulum. Vestibulum ante ipsum primis in faucibus orci luctus et ultrices posuere cubilia Curae; Nulla dapibus dolor vel est.',281),(71,'2019-06-29','2019-08-11','Maecenas tristique, est et tempus semper, est quam pharetra magna, ac consequat metus sapien ut nunc. Vestibulum ante ipsum primis in faucibus orci luctus et ultrices posuere cubilia Curae; Mauris viverra diam vitae quam.',224),(72,NULL,NULL,'Suspendisse potenti. Cras in purus eu magna vulputate luctus.',138),(73,'2019-05-12','2019-08-09','Fusce lacus purus, aliquet at, feugiat non, pretium quis, lectus. Suspendisse potenti. In eleifend quam a odio.',88),(74,'2019-05-04','2019-08-15','Morbi vel lectus in quam fringilla rhoncus.',319),(75,NULL,NULL,'Vivamus metus arcu, adipiscing molestie, hendrerit at, vulputate vitae, nisl. Aenean lectus. Pellentesque eget nunc.',398),(76,NULL,NULL,'Donec vitae nisi.',265),(77,'2019-06-13','2019-08-06','In blandit ultrices enim.',180),(78,NULL,NULL,'In blandit ultrices enim. Lorem ipsum dolor sit amet, consectetuer adipiscing elit.',313),(79,'2019-06-25','2019-08-04','Vestibulum ac est lacinia nisi venenatis tristique. Fusce congue, diam id ornare imperdiet, sapien urna pretium nisl, ut volutpat sapien arcu sed augue. Aliquam erat volutpat.',346),(80,NULL,NULL,'In hac habitasse platea dictumst. Aliquam augue quam, sollicitudin vitae, consectetuer eget, rutrum at, lorem. Integer tincidunt ante vel ipsum.',292),(81,NULL,NULL,'Suspendisse ornare consequat lectus. In est risus, auctor sed, tristique in, tempus sit amet, sem.',216),(82,'2019-05-09','2019-08-31','Lorem ipsum dolor sit amet, consectetuer adipiscing elit.',240),(83,'2019-05-24','2019-08-07','Vestibulum rutrum rutrum neque. Aenean auctor gravida sem.',165),(84,NULL,NULL,'In congue.',186),(85,'2019-06-21','2019-08-18','Proin eu mi.',225),(86,NULL,NULL,'Morbi ut odio. Cras mi pede, malesuada in, imperdiet et, commodo vulputate, justo.',258),(87,'2019-06-17','2019-08-30','Donec dapibus.',291),(88,NULL,NULL,'Integer ac leo. Pellentesque ultrices mattis odio.',331),(89,'2019-05-21','2019-08-08','Sed ante. Vivamus tortor. Duis mattis egestas metus.',120),(90,NULL,NULL,'Sed accumsan felis. Ut at dolor quis odio consequat varius. Integer ac leo.',198),(91,'2019-06-29','2019-08-12','Nullam orci pede, venenatis non, sodales sed, tincidunt eu, felis. Fusce posuere felis sed lacus. Morbi sem mauris, laoreet ut, rhoncus aliquet, pulvinar sed, nisl.',264),(92,'2019-06-26','2019-08-05','Integer pede justo, lacinia eget, tincidunt eget, tempus vel, pede. Morbi porttitor lorem id ligula.',262),(93,'2019-05-28','2019-08-26','Pellentesque eget nunc. Donec quis orci eget orci vehicula condimentum. Curabitur in libero ut massa volutpat convallis.',182),(94,'2019-05-19','2019-08-22','Duis bibendum. Morbi non quam nec dui luctus rutrum.',175),(95,NULL,NULL,'Aliquam erat volutpat. In congue.',390),(96,'2019-06-29','2019-08-25','Nam dui. Proin leo odio, porttitor id, consequat in, consequat ut, nulla.',227),(97,'2019-06-03','2019-08-23','In sagittis dui vel nisl.',308),(98,'2019-06-17','2019-08-30','Nullam porttitor lacus at turpis.',216),(99,'2019-05-27','2019-08-20','Proin eu mi. Nulla ac enim. In tempor, turpis nec euismod scelerisque, quam turpis adipiscing lorem, vitae mattis nibh ligula nec sem.',364),(100,NULL,NULL,'Fusce congue, diam id ornare imperdiet, sapien urna pretium nisl, ut volutpat sapien arcu sed augue.',146);
/*!40000 ALTER TABLE `experience` ENABLE KEYS */;
UNLOCK TABLES;

--
-- Table structure for table `internship`
--

DROP TABLE IF EXISTS `internship`;
/*!40101 SET @saved_cs_client     = @@character_set_client */;
/*!50503 SET character_set_client = utf8mb4 */;
CREATE TABLE `internship` (
  `internship_offer_id` int NOT NULL,
  `student_id` int NOT NULL,
  `grade` int DEFAULT NULL,
  PRIMARY KEY (`internship_offer_id`,`student_id`),
  KEY `internship_student_id_fk` (`student_id`),
  CONSTRAINT `internship_internship_offer_id_fk` FOREIGN KEY (`internship_offer_id`) REFERENCES `internship_offer` (`id`),
  CONSTRAINT `internship_student_id_fk` FOREIGN KEY (`student_id`) REFERENCES `student` (`id`)
) ENGINE=InnoDB DEFAULT CHARSET=utf8mb4 COLLATE=utf8mb4_0900_ai_ci;
/*!40101 SET character_set_client = @saved_cs_client */;

--
-- Dumping data for table `internship`
--

LOCK TABLES `internship` WRITE;
/*!40000 ALTER TABLE `internship` DISABLE KEYS */;
INSERT INTO `internship` VALUES (2,375,NULL),(3,134,12),(3,178,14),(3,301,4),(3,336,14),(3,357,NULL),(4,140,4),(5,41,17),(5,83,NULL),(5,337,20),(5,342,2),(6,284,NULL),(9,50,0),(10,14,NULL),(10,318,NULL),(13,347,8),(14,297,NULL),(14,366,13),(15,17,NULL),(15,345,15),(16,123,NULL),(16,239,9),(17,169,3),(17,230,9),(18,179,11),(18,316,NULL),(19,78,0),(20,332,20),(20,389,12),(21,86,NULL),(23,61,NULL),(26,307,NULL),(28,67,NULL),(29,397,13),(30,24,NULL),(30,132,11),(32,60,1),(34,204,20),(34,350,NULL),(34,351,6),(35,63,NULL),(35,319,NULL),(36,25,NULL),(36,129,14),(36,170,11),(36,336,3),(36,345,8),(37,296,9),(38,48,12),(38,75,3),(38,151,NULL),(39,265,6),(40,295,1),(40,336,NULL),(41,193,6),(41,241,NULL),(41,283,16),(41,387,6),(42,2,NULL),(42,68,7),(42,109,16),(42,202,20),(43,11,NULL),(43,114,NULL),(44,333,17),(45,201,18),(47,355,NULL),(48,18,11),(48,169,NULL),(50,63,NULL),(50,373,9),(51,197,9),(53,190,7),(54,41,NULL),(54,90,19),(54,251,NULL),(55,22,8),(55,227,5),(55,355,16),(56,354,16),(57,65,18),(57,270,NULL),(57,325,NULL),(57,330,2),(58,225,NULL),(60,119,NULL),(60,148,8),(60,193,17),(61,171,12),(62,83,NULL),(62,246,3),(63,208,13),(64,107,13),(64,156,16),(65,284,NULL),(65,394,0),(66,162,19),(67,80,3),(67,130,14),(68,281,11),(71,391,17),(72,302,NULL),(72,363,12),(73,34,15),(73,130,2),(74,226,0),(75,50,12),(75,52,NULL),(75,90,NULL),(75,137,7),(75,227,8),(75,289,15),(76,148,NULL),(77,165,7),(77,339,0),(78,75,NULL),(79,177,NULL),(79,358,9),(81,302,11),(81,305,20),(82,374,3),(84,24,15),(84,392,NULL),(85,99,19),(86,86,17),(87,117,20),(88,214,13),(89,55,6),(89,314,1),(90,122,NULL),(90,315,20),(91,132,0),(91,271,NULL),(91,276,12),(92,35,NULL),(93,109,17),(94,324,13),(94,344,17),(95,115,18),(97,242,NULL),(98,312,4),(98,392,18),(99,35,14),(99,37,13),(99,258,NULL),(102,31,11),(102,334,NULL),(103,147,NULL),(104,253,13),(104,372,8),(105,93,9),(106,71,4),(107,184,NULL),(109,153,NULL),(110,225,1),(111,252,1),(112,148,NULL),(112,256,NULL),(112,396,19),(113,1,17),(113,45,2),(113,98,3),(113,382,3),(114,241,6),(115,276,19),(117,7,NULL),(117,258,5),(117,274,20),(118,110,16),(118,173,NULL),(118,277,13),(119,68,1),(121,25,NULL),(121,182,14),(121,218,1),(122,182,5),(122,315,16),(123,67,6),(124,23,5),(124,160,0),(126,327,12),(127,63,NULL),(129,77,11),(129,326,19),(130,101,7),(130,103,3),(131,95,0),(131,293,NULL),(132,110,0),(132,211,5),(132,275,10),(132,299,0),(132,310,NULL),(134,145,NULL),(134,302,1),(134,319,0),(135,170,0),(136,389,NULL),(137,262,13),(138,333,NULL),(139,42,6),(139,54,NULL),(139,295,20),(140,232,19),(143,132,19),(144,387,14),(145,11,17),(145,50,NULL),(146,88,1),(148,50,NULL),(148,106,2),(149,144,16),(149,348,2),(150,9,16),(150,83,7),(151,192,16),(151,291,NULL),(152,346,20),(153,256,NULL),(155,16,20),(155,35,16),(155,110,19),(155,259,1),(155,334,17),(156,37,NULL),(156,256,NULL),(156,301,12),(156,391,8),(157,27,11),(157,101,NULL),(159,60,3),(160,27,4),(160,190,6),(161,180,NULL),(162,94,19),(162,203,6),(164,229,NULL),(164,273,NULL),(166,28,2),(166,320,10),(166,376,11),(167,91,7),(167,94,14),(167,214,20),(168,186,16),(169,211,19),(169,299,0),(170,14,9),(171,286,NULL),(174,318,NULL),(174,328,NULL),(175,84,2),(175,195,NULL),(175,301,18),(175,303,15),(176,86,NULL),(176,372,17),(177,368,12),(177,389,7),(179,29,16),(179,200,NULL),(179,335,17),(180,122,6),(180,265,NULL),(180,358,NULL),(181,68,8),(181,298,NULL),(181,395,11),(182,43,12),(182,44,13),(182,271,NULL),(182,359,16),(183,255,0),(184,121,NULL),(185,68,4),(186,3,NULL),(186,242,12),(186,351,10),(187,396,10),(190,137,12),(190,153,17),(191,353,NULL),(191,374,NULL),(192,51,NULL),(192,65,17),(193,78,5),(193,151,2),(194,347,NULL),(195,300,NULL),(196,24,1),(196,54,2),(196,299,10),(197,53,14),(197,374,NULL),(199,295,NULL),(200,112,NULL),(200,344,NULL);
/*!40000 ALTER TABLE `internship` ENABLE KEYS */;
UNLOCK TABLES;

--
-- Table structure for table `internship_offer`
--

DROP TABLE IF EXISTS `internship_offer`;
/*!40101 SET @saved_cs_client     = @@character_set_client */;
/*!50503 SET character_set_client = utf8mb4 */;
CREATE TABLE `internship_offer` (
  `id` int NOT NULL AUTO_INCREMENT,
  `title` varchar(255) NOT NULL,
  `duration` int DEFAULT NULL,
  `start_date` date DEFAULT NULL,
  `end_date` date DEFAULT NULL,
  `description` varchar(255) DEFAULT NULL,
  `pay` int DEFAULT NULL,
  `status` tinyint(1) NOT NULL,
  `catering` tinyint(1) DEFAULT NULL,
  `lodging` tinyint(1) DEFAULT NULL,
  `field` varchar(255) DEFAULT NULL,
  `representative_id` int NOT NULL,
  PRIMARY KEY (`id`),
  KEY `internship_offer_representative_id_fk` (`representative_id`),
  CONSTRAINT `internship_offer_representative_id_fk` FOREIGN KEY (`representative_id`) REFERENCES `representative` (`id`)
) ENGINE=InnoDB AUTO_INCREMENT=201 DEFAULT CHARSET=utf8mb4 COLLATE=utf8mb4_0900_ai_ci;
/*!40101 SET character_set_client = @saved_cs_client */;

--
-- Dumping data for table `internship_offer`
--

LOCK TABLES `internship_offer` WRITE;
/*!40000 ALTER TABLE `internship_offer` DISABLE KEYS */;
INSERT INTO `internship_offer` VALUES (1,'Mauris sit amet eros.',NULL,'2020-01-29','2020-05-10',NULL,1361,0,NULL,NULL,'Technology',27),(2,'Aliquam erat volutpat.',58,'2020-01-30','2020-04-09',NULL,3321,1,NULL,NULL,'Energy',44),(3,'Duis ac nibh.',51,NULL,NULL,'Etiam faucibus cursus urna. Ut tellus. Nulla ut erat id mauris vulputate elementum.',3876,1,NULL,NULL,'Consumer Services',14),(4,'Donec quis orci eget orci vehicula condimentum.',NULL,'2020-02-19','2020-04-19',NULL,2383,1,NULL,NULL,'n/a',24),(5,'Integer ac leo.',NULL,NULL,NULL,'Pellentesque viverra pede ac diam. Cras pellentesque volutpat dui.',NULL,1,NULL,NULL,NULL,12),(6,'Vivamus vel nulla eget eros elementum pellentesque.',NULL,'2020-01-14','2020-04-01',NULL,534,1,NULL,NULL,'Consumer Non-Durables',16),(7,'Praesent lectus.',79,'2020-02-07','2020-04-29',NULL,NULL,0,NULL,NULL,'Basic Industries',30),(8,'Maecenas pulvinar lobortis est.',NULL,NULL,NULL,NULL,827,1,NULL,NULL,'Basic Industries',24),(9,'Pellentesque viverra pede ac diam.',NULL,'2020-02-03','2020-05-09','Donec posuere metus vitae ipsum. Aliquam non mauris.',NULL,1,NULL,NULL,'n/a',35),(10,'Morbi porttitor lorem id ligula.',NULL,'2020-02-24','2020-05-12',NULL,1207,0,NULL,NULL,'Consumer Non-Durables',29),(11,'Duis bibendum, felis sed interdum venenatis, turpis enim blandit mi, in porttitor pede justo eu massa.',NULL,NULL,NULL,NULL,NULL,1,NULL,NULL,'Technology',19),(12,'Cras in purus eu magna vulputate luctus.',NULL,NULL,NULL,NULL,1550,1,NULL,NULL,'Public Utilities',50),(13,'Morbi quis tortor id nulla ultrices aliquet.',NULL,NULL,NULL,NULL,NULL,0,NULL,NULL,'Basic Industries',21),(14,'Nullam porttitor lacus at turpis.',NULL,'2020-02-04','2020-05-03',NULL,NULL,1,NULL,NULL,NULL,28),(15,'Curabitur gravida nisi at nibh.',NULL,NULL,NULL,NULL,2522,0,NULL,NULL,'Capital Goods',43),(16,'Vivamus metus arcu, adipiscing molestie, hendrerit at, vulputate vitae, nisl.',NULL,'2020-01-21','2020-04-24',NULL,1417,0,NULL,1,'Health Care',29),(17,'Aliquam erat volutpat.',NULL,NULL,NULL,'In blandit ultrices enim. Lorem ipsum dolor sit amet, consectetuer adipiscing elit.',NULL,1,NULL,NULL,'Consumer Services',49),(18,'Nullam molestie nibh in lectus.',41,'2020-02-22','2020-05-25','Sed vel enim sit amet nunc viverra dapibus. Nulla suscipit ligula in lacus. Curabitur at ipsum ac tellus semper interdum.',3927,0,NULL,NULL,'Finance',33),(19,'Proin leo odio, porttitor id, consequat in, consequat ut, nulla.',NULL,'2020-01-06','2020-04-05','Aliquam sit amet diam in magna bibendum imperdiet. Nullam orci pede, venenatis non, sodales sed, tincidunt eu, felis. Fusce posuere felis sed lacus.',3072,1,NULL,NULL,'n/a',8),(20,'Pellentesque eget nunc.',NULL,'2020-02-13','2020-05-24','Nam congue, risus semper porta volutpat, quam pede lobortis ligula, sit amet eleifend pede libero quis orci. Nullam molestie nibh in lectus. Pellentesque at nulla.',NULL,0,NULL,NULL,'Finance',21),(21,'Quisque porta volutpat erat.',50,'2020-02-11','2020-05-07',NULL,2616,1,NULL,NULL,'Consumer Services',31),(22,'Mauris lacinia sapien quis libero.',23,NULL,NULL,'Vestibulum ante ipsum primis in faucibus orci luctus et ultrices posuere cubilia Curae; Duis faucibus accumsan odio. Curabitur convallis.',2321,1,NULL,NULL,'n/a',26),(23,'Nulla suscipit ligula in lacus.',NULL,'2020-02-19','2020-04-05',NULL,2940,1,NULL,NULL,'Capital Goods',37),(24,'Nulla ac enim.',NULL,NULL,NULL,NULL,735,1,NULL,NULL,NULL,8),(25,'Nulla mollis molestie lorem.',NULL,NULL,NULL,NULL,NULL,0,NULL,NULL,NULL,37),(26,'Suspendisse potenti.',NULL,'2020-02-06','2020-05-28',NULL,545,0,NULL,NULL,'Finance',11),(27,'Cras mi pede, malesuada in, imperdiet et, commodo vulputate, justo.',NULL,'2020-02-28','2020-05-10',NULL,NULL,0,NULL,NULL,'Consumer Durables',6),(28,'Lorem ipsum dolor sit amet, consectetuer adipiscing elit.',NULL,NULL,NULL,'Aenean lectus. Pellentesque eget nunc. Donec quis orci eget orci vehicula condimentum.',817,0,NULL,NULL,'Consumer Services',22),(29,'Donec diam neque, vestibulum eget, vulputate ut, ultrices vel, augue.',NULL,NULL,NULL,NULL,NULL,0,NULL,NULL,'Technology',49),(30,'Nullam molestie nibh in lectus.',33,NULL,NULL,NULL,3191,1,NULL,NULL,'Finance',47),(31,'Donec semper sapien a libero.',NULL,'2020-01-06','2020-04-29',NULL,3166,0,1,NULL,'n/a',47),(32,'Integer aliquet, massa id lobortis convallis, tortor risus dapibus augue, vel accumsan tellus nisi eu orci.',NULL,NULL,NULL,NULL,3965,0,0,NULL,'Health Care',4),(33,'Morbi non quam nec dui luctus rutrum.',NULL,NULL,NULL,NULL,2848,0,NULL,0,'Energy',45),(34,'Nam ultrices, libero non mattis pulvinar, nulla pede ullamcorper augue, a suscipit nulla elit ac nulla.',NULL,'2020-01-11','2020-05-07','Etiam vel augue. Vestibulum rutrum rutrum neque.',1648,1,NULL,NULL,'Transportation',34),(35,'Etiam justo.',NULL,'2020-02-26','2020-05-01',NULL,3581,1,NULL,NULL,'Consumer Durables',49),(36,'Etiam justo.',89,'2020-01-06','2020-05-26',NULL,NULL,0,NULL,NULL,'Health Care',44),(37,'Cum sociis natoque penatibus et magnis dis parturient montes, nascetur ridiculus mus.',NULL,'2020-02-18','2020-05-07',NULL,592,0,1,NULL,'Consumer Durables',23),(38,'Nam congue, risus semper porta volutpat, quam pede lobortis ligula, sit amet eleifend pede libero quis orci.',NULL,NULL,NULL,'Integer aliquet, massa id lobortis convallis, tortor risus dapibus augue, vel accumsan tellus nisi eu orci. Mauris lacinia sapien quis libero.',2561,1,NULL,NULL,NULL,30),(39,'Vivamus in felis eu sapien cursus vestibulum.',NULL,'2020-02-19','2020-04-22','Pellentesque ultrices mattis odio. Donec vitae nisi. Nam ultrices, libero non mattis pulvinar, nulla pede ullamcorper augue, a suscipit nulla elit ac nulla.',NULL,0,NULL,NULL,'Technology',23),(40,'Morbi odio odio, elementum eu, interdum eu, tincidunt in, leo.',NULL,NULL,NULL,NULL,1969,0,NULL,NULL,'Consumer Services',3),(41,'Curabitur at ipsum ac tellus semper interdum.',NULL,NULL,NULL,'Sed accumsan felis. Ut at dolor quis odio consequat varius.',NULL,0,NULL,NULL,'Basic Industries',28),(42,'Quisque erat eros, viverra eget, congue eget, semper rutrum, nulla.',16,'2020-02-09','2020-05-20','Etiam justo.',2483,1,1,NULL,NULL,13),(43,'Nunc purus.',NULL,NULL,NULL,NULL,2052,1,NULL,NULL,NULL,19),(44,'Maecenas tristique, est et tempus semper, est quam pharetra magna, ac consequat metus sapien ut nunc.',NULL,'2020-02-05','2020-05-03','Suspendisse potenti.',2581,0,NULL,NULL,'Consumer Services',45),(45,'Aliquam erat volutpat.',81,NULL,NULL,NULL,1227,1,NULL,0,'Finance',38),(46,'Duis ac nibh.',NULL,NULL,NULL,NULL,2061,1,0,1,'Basic Industries',2),(47,'Maecenas ut massa quis augue luctus tincidunt.',NULL,NULL,NULL,'Duis ac nibh. Fusce lacus purus, aliquet at, feugiat non, pretium quis, lectus.',3212,1,NULL,NULL,'Basic Industries',17),(48,'In quis justo.',85,NULL,NULL,NULL,519,0,1,NULL,'Technology',22),(49,'Nam nulla.',32,'2020-02-23','2020-05-02',NULL,3262,0,NULL,NULL,'Finance',14),(50,'Vivamus tortor.',NULL,NULL,NULL,'Nam congue, risus semper porta volutpat, quam pede lobortis ligula, sit amet eleifend pede libero quis orci. Nullam molestie nibh in lectus. Pellentesque at nulla.',1030,1,NULL,NULL,'Consumer Services',8),(51,'Duis aliquam convallis nunc.',NULL,NULL,NULL,'Suspendisse potenti.',NULL,1,NULL,NULL,'Consumer Services',8),(52,'Curabitur at ipsum ac tellus semper interdum.',NULL,NULL,NULL,NULL,1044,0,NULL,NULL,'Health Care',38),(53,'Quisque arcu libero, rutrum ac, lobortis vel, dapibus at, diam.',NULL,'2020-01-14','2020-04-26',NULL,NULL,1,NULL,NULL,'n/a',35),(54,'Maecenas tristique, est et tempus semper, est quam pharetra magna, ac consequat metus sapien ut nunc.',NULL,NULL,NULL,NULL,2643,1,NULL,NULL,NULL,47),(55,'Sed ante.',NULL,'2020-01-06','2020-05-29',NULL,NULL,1,NULL,0,NULL,15),(56,'Maecenas leo odio, condimentum id, luctus nec, molestie sed, justo.',NULL,'2020-01-17','2020-05-02','Nunc nisl. Duis bibendum, felis sed interdum venenatis, turpis enim blandit mi, in porttitor pede justo eu massa. Donec dapibus.',NULL,0,0,NULL,'Basic Industries',50),(57,'Nam tristique tortor eu pede.',NULL,'2020-02-22','2020-05-20',NULL,NULL,1,NULL,NULL,'n/a',38),(58,'Vivamus metus arcu, adipiscing molestie, hendrerit at, vulputate vitae, nisl.',NULL,NULL,NULL,NULL,2743,1,NULL,NULL,'Finance',37),(59,'Ut tellus.',NULL,NULL,NULL,'Quisque id justo sit amet sapien dignissim vestibulum. Vestibulum ante ipsum primis in faucibus orci luctus et ultrices posuere cubilia Curae; Nulla dapibus dolor vel est.',NULL,1,NULL,NULL,NULL,40),(60,'In hac habitasse platea dictumst.',NULL,NULL,NULL,NULL,NULL,0,NULL,NULL,NULL,27),(61,'Morbi porttitor lorem id ligula.',80,'2020-01-23','2020-05-11','In eleifend quam a odio.',1836,1,NULL,NULL,NULL,6),(62,'Maecenas tincidunt lacus at velit.',NULL,'2020-01-03','2020-05-18',NULL,NULL,0,NULL,NULL,'n/a',31),(63,'Suspendisse accumsan tortor quis turpis.',NULL,'2020-01-10','2020-05-09',NULL,1202,0,NULL,0,NULL,27),(64,'Nulla nisl.',71,NULL,NULL,'Donec dapibus. Duis at velit eu est congue elementum.',3784,1,1,NULL,NULL,20),(65,'Sed vel enim sit amet nunc viverra dapibus.',80,NULL,NULL,NULL,1796,0,0,NULL,'n/a',30),(66,'Nunc purus.',NULL,'2020-02-13','2020-05-23','Quisque id justo sit amet sapien dignissim vestibulum.',NULL,1,NULL,NULL,NULL,3),(67,'Vestibulum quam sapien, varius ut, blandit non, interdum in, ante.',NULL,NULL,NULL,'Suspendisse potenti. In eleifend quam a odio.',3226,0,NULL,NULL,'n/a',17),(68,'Nullam varius.',86,'2020-01-08','2020-04-06',NULL,3500,0,NULL,NULL,NULL,14),(69,'Integer aliquet, massa id lobortis convallis, tortor risus dapibus augue, vel accumsan tellus nisi eu orci.',NULL,NULL,NULL,NULL,NULL,0,NULL,NULL,'Health Care',37),(70,'Integer ac neque.',26,'2020-01-15','2020-05-09',NULL,2870,1,NULL,NULL,'Technology',11),(71,'Etiam justo.',NULL,NULL,NULL,'Nulla nisl. Nunc nisl. Duis bibendum, felis sed interdum venenatis, turpis enim blandit mi, in porttitor pede justo eu massa.',NULL,1,NULL,NULL,NULL,26),(72,'Fusce posuere felis sed lacus.',NULL,NULL,NULL,NULL,3378,1,NULL,NULL,'n/a',8),(73,'In hac habitasse platea dictumst.',NULL,'2020-02-25','2020-04-15','Morbi a ipsum. Integer a nibh. In quis justo.',1062,0,NULL,NULL,'Finance',21),(74,'Phasellus id sapien in sapien iaculis congue.',NULL,'2020-02-01','2020-04-28',NULL,921,1,1,NULL,NULL,14),(75,'Aliquam quis turpis eget elit sodales scelerisque.',NULL,NULL,NULL,NULL,3928,1,NULL,NULL,NULL,3),(76,'Aenean sit amet justo.',64,'2020-01-28','2020-04-25',NULL,3847,1,NULL,NULL,'Health Care',9),(77,'Integer pede justo, lacinia eget, tincidunt eget, tempus vel, pede.',NULL,NULL,NULL,NULL,1133,1,NULL,NULL,NULL,46),(78,'Integer pede justo, lacinia eget, tincidunt eget, tempus vel, pede.',NULL,'2020-01-13','2020-04-20',NULL,NULL,1,NULL,NULL,'Consumer Durables',3),(79,'Morbi non quam nec dui luctus rutrum.',NULL,NULL,NULL,NULL,857,0,NULL,NULL,'Finance',14),(80,'Ut at dolor quis odio consequat varius.',NULL,'2020-02-01','2020-05-15',NULL,NULL,1,NULL,0,NULL,13),(81,'Etiam faucibus cursus urna.',60,'2020-01-21','2020-04-01',NULL,NULL,1,NULL,NULL,'Capital Goods',48),(82,'Morbi porttitor lorem id ligula.',NULL,'2020-02-20','2020-05-11',NULL,NULL,1,0,NULL,NULL,40),(83,'Vivamus vel nulla eget eros elementum pellentesque.',NULL,NULL,NULL,'Aenean sit amet justo. Morbi ut odio. Cras mi pede, malesuada in, imperdiet et, commodo vulputate, justo.',3037,1,NULL,NULL,'n/a',15),(84,'Nunc rhoncus dui vel sem.',NULL,'2020-02-18','2020-04-05',NULL,790,0,NULL,NULL,'Health Care',45),(85,'Morbi a ipsum.',84,NULL,NULL,'Cras mi pede, malesuada in, imperdiet et, commodo vulputate, justo. In blandit ultrices enim.',NULL,1,1,NULL,NULL,13),(86,'Fusce congue, diam id ornare imperdiet, sapien urna pretium nisl, ut volutpat sapien arcu sed augue.',NULL,'2020-02-28','2020-04-16',NULL,2919,0,NULL,NULL,'Technology',48),(87,'Vestibulum quam sapien, varius ut, blandit non, interdum in, ante.',14,NULL,NULL,'Vivamus metus arcu, adipiscing molestie, hendrerit at, vulputate vitae, nisl.',NULL,0,1,NULL,NULL,30),(88,'Donec ut dolor.',NULL,'2020-01-14','2020-05-22',NULL,NULL,0,NULL,NULL,'Consumer Non-Durables',49),(89,'Cum sociis natoque penatibus et magnis dis parturient montes, nascetur ridiculus mus.',NULL,NULL,NULL,'Cum sociis natoque penatibus et magnis dis parturient montes, nascetur ridiculus mus. Vivamus vestibulum sagittis sapien. Cum sociis natoque penatibus et magnis dis parturient montes, nascetur ridiculus mus.',NULL,1,NULL,NULL,'n/a',15),(90,'Vestibulum ante ipsum primis in faucibus orci luctus et ultrices posuere cubilia Curae; Donec pharetra, magna vestibulum aliquet ultrices, erat tortor sollicitudin mi, sit amet lobortis sapien sapien non mi.',NULL,NULL,NULL,'In sagittis dui vel nisl. Duis ac nibh.',2546,0,NULL,NULL,'Finance',7),(91,'Aliquam sit amet diam in magna bibendum imperdiet.',75,'2020-01-03','2020-04-07',NULL,847,0,NULL,NULL,'Consumer Services',13),(92,'Aenean lectus.',NULL,'2020-01-17','2020-05-01',NULL,2057,1,NULL,NULL,'Consumer Services',36),(93,'Mauris sit amet eros.',NULL,NULL,NULL,NULL,2868,0,NULL,0,'Capital Goods',1),(94,'Donec quis orci eget orci vehicula condimentum.',NULL,'2020-01-29','2020-05-29',NULL,NULL,1,1,NULL,'Consumer Services',21),(95,'Nulla facilisi.',10,'2020-01-30','2020-05-29',NULL,3313,1,NULL,NULL,NULL,46),(96,'Pellentesque ultrices mattis odio.',18,NULL,NULL,NULL,NULL,1,NULL,NULL,'n/a',14),(97,'In congue.',NULL,'2020-02-04','2020-05-01',NULL,NULL,1,NULL,NULL,NULL,40),(98,'Nullam sit amet turpis elementum ligula vehicula consequat.',NULL,NULL,NULL,NULL,NULL,0,NULL,NULL,'n/a',2),(99,'Morbi porttitor lorem id ligula.',NULL,'2020-01-09','2020-04-19',NULL,1569,0,1,1,'n/a',47),(100,'Sed accumsan felis.',66,'2020-02-17','2020-04-13',NULL,1272,0,NULL,NULL,'Health Care',18),(101,'Nulla suscipit ligula in lacus.',NULL,'2020-01-16','2020-05-13',NULL,715,1,1,NULL,'Miscellaneous',30),(102,'Morbi odio odio, elementum eu, interdum eu, tincidunt in, leo.',NULL,'2020-02-10','2020-05-10','Mauris ullamcorper purus sit amet nulla.',3451,1,NULL,NULL,'Energy',6),(103,'Integer a nibh.',NULL,NULL,NULL,NULL,959,0,0,NULL,'Finance',41),(104,'Nullam varius.',NULL,'2020-02-12','2020-05-23',NULL,1322,1,0,NULL,NULL,49),(105,'Fusce lacus purus, aliquet at, feugiat non, pretium quis, lectus.',NULL,'2020-02-22','2020-05-15',NULL,1120,1,1,NULL,'Finance',13),(106,'Integer ac leo.',NULL,'2020-01-09','2020-04-22',NULL,NULL,1,1,NULL,'Public Utilities',49),(107,'Duis bibendum, felis sed interdum venenatis, turpis enim blandit mi, in porttitor pede justo eu massa.',NULL,'2020-02-28','2020-05-13',NULL,743,0,NULL,NULL,'Miscellaneous',1),(108,'Phasellus in felis.',78,'2020-01-27','2020-04-30',NULL,1064,1,NULL,NULL,NULL,19),(109,'Morbi vel lectus in quam fringilla rhoncus.',NULL,'2020-02-26','2020-05-28',NULL,NULL,0,1,1,NULL,25),(110,'Praesent lectus.',NULL,'2020-02-04','2020-05-16','Pellentesque at nulla.',3755,1,NULL,NULL,'Finance',16),(111,'Vivamus vestibulum sagittis sapien.',NULL,'2020-01-07','2020-05-20','Donec dapibus.',3655,0,NULL,NULL,NULL,37),(112,'Aliquam non mauris.',NULL,'2020-01-16','2020-05-03','Praesent id massa id nisl venenatis lacinia.',1908,1,NULL,NULL,'Technology',39),(113,'Nam tristique tortor eu pede.',NULL,'2020-02-19','2020-04-14','Suspendisse potenti. Nullam porttitor lacus at turpis.',1485,0,NULL,NULL,'Public Utilities',45),(114,'Lorem ipsum dolor sit amet, consectetuer adipiscing elit.',15,NULL,NULL,NULL,1373,0,NULL,NULL,'Finance',7),(115,'Nullam sit amet turpis elementum ligula vehicula consequat.',NULL,'2020-02-28','2020-05-19',NULL,2301,0,NULL,NULL,'Public Utilities',20),(116,'Fusce lacus purus, aliquet at, feugiat non, pretium quis, lectus.',NULL,NULL,NULL,'Donec posuere metus vitae ipsum. Aliquam non mauris.',3743,0,NULL,0,'Transportation',34),(117,'Duis ac nibh.',NULL,NULL,NULL,NULL,3844,1,1,NULL,NULL,37),(118,'Nam nulla.',NULL,NULL,NULL,NULL,1743,1,NULL,NULL,'Consumer Services',34),(119,'In blandit ultrices enim.',12,NULL,NULL,'Duis ac nibh. Fusce lacus purus, aliquet at, feugiat non, pretium quis, lectus.',3250,1,1,NULL,'Health Care',14),(120,'Proin risus.',NULL,NULL,NULL,NULL,2758,0,1,NULL,'Consumer Services',30),(121,'Nulla mollis molestie lorem.',NULL,NULL,NULL,'Proin at turpis a pede posuere nonummy. Integer non velit. Donec diam neque, vestibulum eget, vulputate ut, ultrices vel, augue.',3807,0,NULL,NULL,NULL,49),(122,'Morbi quis tortor id nulla ultrices aliquet.',97,NULL,NULL,NULL,NULL,0,NULL,NULL,NULL,5),(123,'Curabitur gravida nisi at nibh.',NULL,'2020-01-12','2020-05-28',NULL,559,0,NULL,NULL,'n/a',16),(124,'Maecenas tristique, est et tempus semper, est quam pharetra magna, ac consequat metus sapien ut nunc.',NULL,NULL,NULL,NULL,1370,0,NULL,NULL,'Health Care',12),(125,'Vivamus tortor.',NULL,'2020-01-12','2020-04-30',NULL,1684,0,NULL,NULL,'Consumer Services',31),(126,'Duis mattis egestas metus.',NULL,NULL,NULL,NULL,NULL,1,0,NULL,'Technology',47),(127,'Aliquam erat volutpat.',NULL,NULL,NULL,NULL,NULL,1,NULL,NULL,'n/a',6),(128,'In quis justo.',NULL,NULL,NULL,NULL,1972,0,NULL,NULL,'n/a',18),(129,'In est risus, auctor sed, tristique in, tempus sit amet, sem.',NULL,'2020-02-15','2020-05-26',NULL,754,1,NULL,NULL,'Transportation',9),(130,'Lorem ipsum dolor sit amet, consectetuer adipiscing elit.',NULL,'2020-01-19','2020-04-28','Vestibulum sed magna at nunc commodo placerat. Praesent blandit. Nam nulla.',1784,0,NULL,NULL,'Finance',12),(131,'Morbi vel lectus in quam fringilla rhoncus.',NULL,'2020-02-28','2020-05-10',NULL,871,0,NULL,NULL,'Finance',46),(132,'In hac habitasse platea dictumst.',82,'2020-02-21','2020-05-22',NULL,NULL,1,NULL,NULL,'Capital Goods',46),(133,'In blandit ultrices enim.',NULL,NULL,NULL,'Quisque erat eros, viverra eget, congue eget, semper rutrum, nulla.',NULL,0,NULL,NULL,NULL,6),(134,'Aenean auctor gravida sem.',NULL,'2020-01-13','2020-04-24','Vivamus vestibulum sagittis sapien. Cum sociis natoque penatibus et magnis dis parturient montes, nascetur ridiculus mus.',1031,0,NULL,NULL,'Health Care',1),(135,'Ut tellus.',87,'2020-01-22','2020-04-27',NULL,2580,1,NULL,NULL,NULL,41),(136,'Ut at dolor quis odio consequat varius.',NULL,NULL,NULL,'Vestibulum ante ipsum primis in faucibus orci luctus et ultrices posuere cubilia Curae; Nulla dapibus dolor vel est. Donec odio justo, sollicitudin ut, suscipit a, feugiat et, eros.',NULL,1,NULL,NULL,'Basic Industries',45),(137,'Aenean lectus.',NULL,NULL,NULL,NULL,NULL,0,NULL,NULL,'n/a',4),(138,'Aenean sit amet justo.',NULL,'2020-02-24','2020-04-27',NULL,2423,0,1,NULL,'Consumer Services',32),(139,'Sed accumsan felis.',57,'2020-02-17','2020-05-20','Donec odio justo, sollicitudin ut, suscipit a, feugiat et, eros. Vestibulum ac est lacinia nisi venenatis tristique. Fusce congue, diam id ornare imperdiet, sapien urna pretium nisl, ut volutpat sapien arcu sed augue.',1584,0,NULL,NULL,'n/a',14),(140,'Nullam orci pede, venenatis non, sodales sed, tincidunt eu, felis.',NULL,'2020-02-13','2020-04-01','Proin eu mi. Nulla ac enim. In tempor, turpis nec euismod scelerisque, quam turpis adipiscing lorem, vitae mattis nibh ligula nec sem.',1024,1,NULL,NULL,'n/a',28),(141,'Nulla nisl.',NULL,NULL,NULL,'Aliquam erat volutpat. In congue. Etiam justo.',3798,1,NULL,NULL,NULL,16),(142,'Vivamus tortor.',NULL,'2020-01-22','2020-04-02',NULL,NULL,1,NULL,NULL,'n/a',44),(143,'Donec diam neque, vestibulum eget, vulputate ut, ultrices vel, augue.',NULL,NULL,NULL,NULL,2027,1,NULL,NULL,'Technology',33),(144,'Cum sociis natoque penatibus et magnis dis parturient montes, nascetur ridiculus mus.',18,'2020-02-22','2020-05-17',NULL,583,0,NULL,NULL,'n/a',44),(145,'Suspendisse potenti.',NULL,'2020-01-07','2020-05-05',NULL,NULL,0,NULL,NULL,NULL,14),(146,'Phasellus sit amet erat.',NULL,'2020-01-23','2020-05-29',NULL,NULL,1,NULL,NULL,'Basic Industries',20),(147,'Morbi non quam nec dui luctus rutrum.',NULL,NULL,NULL,NULL,NULL,1,NULL,NULL,NULL,31),(148,'Vivamus vestibulum sagittis sapien.',NULL,'2020-02-19','2020-04-25',NULL,NULL,1,NULL,NULL,'n/a',34),(149,'Lorem ipsum dolor sit amet, consectetuer adipiscing elit.',NULL,'2020-02-25','2020-04-11',NULL,1695,1,0,0,'n/a',12),(150,'Integer tincidunt ante vel ipsum.',NULL,NULL,NULL,NULL,1546,1,NULL,NULL,NULL,40),(151,'Quisque ut erat.',NULL,NULL,NULL,NULL,NULL,0,NULL,NULL,'Consumer Services',14),(152,'Morbi ut odio.',NULL,'2020-01-03','2020-05-06',NULL,2345,0,NULL,NULL,NULL,22),(153,'Duis bibendum.',NULL,'2020-01-20','2020-05-21','Morbi vestibulum, velit id pretium iaculis, diam erat fermentum justo, nec condimentum neque sapien placerat ante. Nulla justo.',NULL,1,NULL,NULL,'Health Care',42),(154,'Morbi ut odio.',13,'2020-02-01','2020-04-21','Aenean sit amet justo.',2323,0,NULL,NULL,NULL,27),(155,'Integer pede justo, lacinia eget, tincidunt eget, tempus vel, pede.',61,'2020-01-21','2020-04-19','Nullam varius. Nulla facilisi. Cras non velit nec nisi vulputate nonummy.',NULL,0,1,1,'Consumer Durables',39),(156,'Aliquam erat volutpat.',NULL,'2020-01-31','2020-04-28',NULL,NULL,1,NULL,NULL,'Public Utilities',17),(157,'In hac habitasse platea dictumst.',75,'2020-01-28','2020-05-27',NULL,1462,1,NULL,NULL,'Technology',38),(158,'Nam tristique tortor eu pede.',NULL,NULL,NULL,'Vestibulum ante ipsum primis in faucibus orci luctus et ultrices posuere cubilia Curae; Nulla dapibus dolor vel est.',591,1,NULL,NULL,'Capital Goods',42),(159,'Cum sociis natoque penatibus et magnis dis parturient montes, nascetur ridiculus mus.',NULL,NULL,NULL,NULL,3622,0,1,1,'Finance',12),(160,'Etiam faucibus cursus urna.',NULL,'2020-01-28','2020-05-01','Morbi ut odio.',627,1,NULL,NULL,NULL,48),(161,'Phasellus sit amet erat.',NULL,NULL,NULL,NULL,NULL,0,1,NULL,'Health Care',10),(162,'Lorem ipsum dolor sit amet, consectetuer adipiscing elit.',NULL,'2020-02-05','2020-05-17',NULL,NULL,1,0,0,'Health Care',13),(163,'Cras mi pede, malesuada in, imperdiet et, commodo vulputate, justo.',25,NULL,NULL,NULL,667,1,NULL,NULL,'Consumer Services',45),(164,'Morbi vel lectus in quam fringilla rhoncus.',NULL,NULL,NULL,'Integer a nibh.',2015,1,NULL,0,'Health Care',45),(165,'Maecenas pulvinar lobortis est.',NULL,NULL,NULL,NULL,852,0,0,NULL,'Capital Goods',45),(166,'Curabitur gravida nisi at nibh.',NULL,'2020-02-12','2020-05-24',NULL,NULL,0,NULL,NULL,'Basic Industries',18),(167,'Duis bibendum.',NULL,NULL,NULL,'Maecenas pulvinar lobortis est. Phasellus sit amet erat. Nulla tempus.',1007,1,NULL,NULL,'Finance',11),(168,'Cras mi pede, malesuada in, imperdiet et, commodo vulputate, justo.',12,NULL,NULL,NULL,1916,0,NULL,NULL,'Health Care',37),(169,'Fusce congue, diam id ornare imperdiet, sapien urna pretium nisl, ut volutpat sapien arcu sed augue.',NULL,NULL,NULL,NULL,2853,0,NULL,0,'Finance',48),(170,'In sagittis dui vel nisl.',NULL,'2020-02-26','2020-05-01','Nullam porttitor lacus at turpis. Donec posuere metus vitae ipsum. Aliquam non mauris.',NULL,0,NULL,0,NULL,3),(171,'Nullam orci pede, venenatis non, sodales sed, tincidunt eu, felis.',NULL,NULL,NULL,NULL,NULL,0,NULL,NULL,'Energy',18),(172,'Vestibulum ante ipsum primis in faucibus orci luctus et ultrices posuere cubilia Curae; Duis faucibus accumsan odio.',NULL,'2020-01-16','2020-04-20',NULL,NULL,0,0,NULL,'Health Care',29),(173,'Donec semper sapien a libero.',61,'2020-01-12','2020-04-07','Morbi porttitor lorem id ligula. Suspendisse ornare consequat lectus.',NULL,0,NULL,NULL,'Public Utilities',10),(174,'Nunc purus.',NULL,'2020-02-25','2020-05-26',NULL,NULL,0,NULL,NULL,NULL,36),(175,'Aliquam augue quam, sollicitudin vitae, consectetuer eget, rutrum at, lorem.',NULL,'2020-02-11','2020-04-29',NULL,1798,1,NULL,NULL,NULL,5),(176,'Donec diam neque, vestibulum eget, vulputate ut, ultrices vel, augue.',NULL,NULL,NULL,NULL,1483,1,NULL,NULL,NULL,11),(177,'Proin risus.',NULL,'2020-02-28','2020-05-25','Nulla ac enim. In tempor, turpis nec euismod scelerisque, quam turpis adipiscing lorem, vitae mattis nibh ligula nec sem.',NULL,1,NULL,NULL,'Public Utilities',6),(178,'Integer tincidunt ante vel ipsum.',NULL,'2020-01-24','2020-05-23',NULL,618,1,NULL,NULL,'n/a',25),(179,'Donec dapibus.',NULL,NULL,NULL,NULL,NULL,1,NULL,NULL,'Consumer Services',20),(180,'Nullam varius.',NULL,'2020-01-07','2020-05-12','Fusce posuere felis sed lacus. Morbi sem mauris, laoreet ut, rhoncus aliquet, pulvinar sed, nisl.',NULL,0,NULL,NULL,'Technology',29),(181,'Nulla mollis molestie lorem.',NULL,NULL,NULL,NULL,NULL,1,NULL,NULL,'Technology',3),(182,'Nulla ut erat id mauris vulputate elementum.',NULL,'2020-02-26','2020-04-01',NULL,NULL,0,1,NULL,NULL,19),(183,'Nullam molestie nibh in lectus.',NULL,NULL,NULL,NULL,2576,1,NULL,NULL,'Capital Goods',7),(184,'Etiam faucibus cursus urna.',NULL,NULL,NULL,NULL,NULL,0,1,NULL,'Health Care',46),(185,'Fusce congue, diam id ornare imperdiet, sapien urna pretium nisl, ut volutpat sapien arcu sed augue.',NULL,'2020-02-18','2020-05-12','Sed ante.',733,0,NULL,0,'Public Utilities',47),(186,'Sed sagittis.',NULL,NULL,NULL,'Duis mattis egestas metus. Aenean fermentum. Donec ut mauris eget massa tempor convallis.',1506,0,NULL,NULL,'Public Utilities',21),(187,'Aenean lectus.',NULL,'2020-02-24','2020-04-08','Nam congue, risus semper porta volutpat, quam pede lobortis ligula, sit amet eleifend pede libero quis orci. Nullam molestie nibh in lectus.',NULL,0,NULL,0,'n/a',28),(188,'Suspendisse accumsan tortor quis turpis.',NULL,NULL,NULL,NULL,NULL,1,1,NULL,'Transportation',48),(189,'Mauris ullamcorper purus sit amet nulla.',NULL,NULL,NULL,NULL,NULL,1,NULL,NULL,'Consumer Services',16),(190,'Aliquam non mauris.',NULL,NULL,NULL,NULL,2709,0,NULL,1,NULL,34),(191,'Donec dapibus.',NULL,'2020-02-20','2020-05-16','Aliquam non mauris.',3824,1,NULL,NULL,'n/a',24),(192,'Integer pede justo, lacinia eget, tincidunt eget, tempus vel, pede.',19,'2020-02-22','2020-04-30',NULL,NULL,1,NULL,NULL,NULL,1),(193,'Quisque ut erat.',50,NULL,NULL,'Nullam varius.',NULL,0,NULL,0,NULL,37),(194,'Etiam justo.',NULL,'2020-01-13','2020-05-11',NULL,NULL,1,NULL,NULL,'Consumer Durables',42),(195,'Donec ut mauris eget massa tempor convallis.',NULL,'2020-02-25','2020-05-21','Vivamus vestibulum sagittis sapien. Cum sociis natoque penatibus et magnis dis parturient montes, nascetur ridiculus mus.',3481,1,NULL,NULL,'Health Care',9),(196,'Nam tristique tortor eu pede.',NULL,'2020-01-15','2020-05-12',NULL,3598,0,NULL,NULL,'Consumer Durables',38),(197,'Mauris ullamcorper purus sit amet nulla.',NULL,NULL,NULL,'Nulla tempus. Vivamus in felis eu sapien cursus vestibulum. Proin eu mi.',1780,0,0,0,'n/a',22),(198,'Aenean lectus.',NULL,NULL,NULL,NULL,2220,1,NULL,NULL,'Health Care',1),(199,'Vestibulum ante ipsum primis in faucibus orci luctus et ultrices posuere cubilia Curae; Duis faucibus accumsan odio.',NULL,'2020-01-01','2020-05-24',NULL,NULL,1,NULL,NULL,'n/a',8),(200,'In hac habitasse platea dictumst.',NULL,NULL,NULL,NULL,2887,1,NULL,NULL,'n/a',19);
/*!40000 ALTER TABLE `internship_offer` ENABLE KEYS */;
UNLOCK TABLES;

--
-- Table structure for table `internships_manager`
--

DROP TABLE IF EXISTS `internships_manager`;
/*!40101 SET @saved_cs_client     = @@character_set_client */;
/*!50503 SET character_set_client = utf8mb4 */;
CREATE TABLE `internships_manager` (
  `id` int NOT NULL AUTO_INCREMENT,
  `name` varchar(255) NOT NULL,
  `email` varchar(255) NOT NULL,
  `phone` varchar(255) DEFAULT NULL,
  `password` varchar(255) NOT NULL,
  PRIMARY KEY (`id`),
  UNIQUE KEY `internships_manager_email_uindex` (`email`)
) ENGINE=InnoDB AUTO_INCREMENT=11 DEFAULT CHARSET=utf8mb4 COLLATE=utf8mb4_0900_ai_ci;
/*!40101 SET character_set_client = @saved_cs_client */;

--
-- Dumping data for table `internships_manager`
--

LOCK TABLES `internships_manager` WRITE;
/*!40000 ALTER TABLE `internships_manager` DISABLE KEYS */;
INSERT INTO `internships_manager` VALUES (1,'Cavey','acavey0@ow.ly','1971774206','70095e0781e62ae64b16f0184ad6b792321933bc'),(2,'Peattie','speattie1@yandex.ru',NULL,'d29ac5e8a02006b8edf4e71fc827f4f58083e2e8'),(3,'Syder','rsyder2@simplemachines.org',NULL,'4637325fe257fa5d7d4b8f77ebf69e26747a1098'),(4,'Clausson','jclausson3@addthis.com','9913868861','495ce26881a1b3ac0fda7967bb027137a054f697'),(5,'Mucci','imucci4@zdnet.com',NULL,'711dcc47b2c78cded9a5fee7729eb8eff8cae034'),(6,'Devericks','sdevericks5@mediafire.com','2011892497','6fc7de04a6f280862ca9ba390207ad525143c451'),(7,'Dowdeswell','pdowdeswell6@telegraph.co.uk','4888415195','be8883e884c8ebdee8688bae5cfc2c138989b07c'),(8,'Havill','mhavill7@zdnet.com','6456439440','0980ab17ec8168e7ef76888674525d39de4b44c8'),(9,'Relton','rrelton8@ucoz.com','3563457527','85c0c75aee067ec79aca4b7bb8d567024b0f9eef'),(10,'Mugleston','kmugleston9@ycombinator.com',NULL,'e1725f1ffe0c42f8039b39c8b972989bb318c4a0');
/*!40000 ALTER TABLE `internships_manager` ENABLE KEYS */;
UNLOCK TABLES;

--
-- Table structure for table `language`
--

DROP TABLE IF EXISTS `language`;
/*!40101 SET @saved_cs_client     = @@character_set_client */;
/*!50503 SET character_set_client = utf8mb4 */;
CREATE TABLE `language` (
  `id` int NOT NULL AUTO_INCREMENT,
  `name` varchar(255) NOT NULL,
  `level` varchar(255) DEFAULT NULL,
  `student_id` int NOT NULL,
  PRIMARY KEY (`id`),
  KEY `language_student_id_fk` (`student_id`),
  CONSTRAINT `language_student_id_fk` FOREIGN KEY (`student_id`) REFERENCES `student` (`id`)
) ENGINE=InnoDB AUTO_INCREMENT=101 DEFAULT CHARSET=utf8mb4 COLLATE=utf8mb4_0900_ai_ci;
/*!40101 SET character_set_client = @saved_cs_client */;

--
-- Dumping data for table `language`
--

LOCK TABLES `language` WRITE;
/*!40000 ALTER TABLE `language` DISABLE KEYS */;
INSERT INTO `language` VALUES (1,'Telugu','Intermediate',225),(2,'Greek',NULL,177),(3,'Lao','Intermediate',306),(4,'Greek','Fluent',356),(5,'Pashto','Native',364),(6,'Tok Pisin','Beginner',12),(7,'Hungarian',NULL,180),(8,'Burmese','Native',224),(9,'Malayalam','Beginner',131),(10,'Chinese','Intermediate',348),(11,'Dutch',NULL,1),(12,'Swahili',NULL,374),(13,'M─üori','Fluent',62),(14,'Lao','Fluent',139),(15,'M─üori',NULL,186),(16,'Malayalam','Intermediate',101),(17,'Sotho',NULL,344),(18,'Malay','Native',377),(19,'Catalan','Intermediate',76),(20,'Zulu','Native',8),(21,'Danish','Native',354),(22,'Papiamento','Intermediate',40),(23,'German',NULL,6),(24,'Spanish','Beginner',218),(25,'Chinese','Native',309),(26,'Tetum',NULL,324),(27,'Catalan','Intermediate',231),(28,'Swahili',NULL,203),(29,'Bengali','Native',159),(30,'Yiddish','Beginner',330),(31,'Zulu','Native',106),(32,'New Zealand Sign Language',NULL,317),(33,'Fijian','Beginner',311),(34,'Arabic','Intermediate',223),(35,'Azeri',NULL,27),(36,'Irish Gaelic','Native',47),(37,'Guaran├¡','Beginner',379),(38,'English',NULL,136),(39,'Zulu','Native',376),(40,'Greek','Fluent',201),(41,'Punjabi','Beginner',117),(42,'Spanish',NULL,212),(43,'Dutch','Fluent',219),(44,'German','Beginner',232),(45,'Norwegian','Beginner',334),(46,'Telugu','Fluent',67),(47,'Tajik','Native',351),(48,'Dutch','Beginner',209),(49,'Finnish','Fluent',383),(50,'Punjabi','Intermediate',287),(51,'Fijian','Native',58),(52,'Tok Pisin','Beginner',387),(53,'New Zealand Sign Language',NULL,318),(54,'Guaran├¡','Beginner',361),(55,'Malayalam','Native',34),(56,'Latvian','Native',107),(57,'Icelandic',NULL,329),(58,'Gujarati','Fluent',395),(59,'Hebrew','Intermediate',22),(60,'Filipino','Intermediate',278),(61,'Khmer','Fluent',360),(62,'Polish',NULL,219),(63,'Macedonian','Beginner',283),(64,'Swedish','Intermediate',194),(65,'Ndebele','Beginner',220),(66,'Tetum','Intermediate',379),(67,'Malay','Fluent',151),(68,'Latvian','Native',312),(69,'Arabic','Fluent',90),(70,'Pashto','Native',388),(71,'Belarusian',NULL,26),(72,'Nepali','Fluent',44),(73,'Icelandic','Intermediate',74),(74,'Persian','Fluent',365),(75,'Tswana',NULL,332),(76,'Yiddish','Beginner',33),(77,'Luxembourgish','Native',58),(78,'Korean','Fluent',213),(79,'Indonesian',NULL,136),(80,'Lithuanian','Intermediate',86),(81,'Burmese','Beginner',326),(82,'Tetum','Native',186),(83,'Danish','Native',133),(84,'Marathi','Native',255),(85,'Greek','Intermediate',257),(86,'Icelandic',NULL,294),(87,'English','Native',94),(88,'Montenegrin',NULL,155),(89,'Portuguese','Intermediate',179),(90,'Belarusian','Native',131),(91,'Moldovan','Beginner',227),(92,'Fijian','Beginner',340),(93,'German','Fluent',312),(94,'Malay','Native',364),(95,'Hiri Motu','Native',396),(96,'Georgian','Intermediate',27),(97,'Tajik','Beginner',320),(98,'Irish Gaelic',NULL,69),(99,'Romanian','Fluent',130),(100,'Maltese',NULL,254);
/*!40000 ALTER TABLE `language` ENABLE KEYS */;
UNLOCK TABLES;

--
-- Table structure for table `representative`
--

DROP TABLE IF EXISTS `representative`;
/*!40101 SET @saved_cs_client     = @@character_set_client */;
/*!50503 SET character_set_client = utf8mb4 */;
CREATE TABLE `representative` (
  `id` int NOT NULL AUTO_INCREMENT,
  `first_name` varchar(255) NOT NULL,
  `last_name` varchar(255) NOT NULL,
  `email` varchar(255) NOT NULL,
  `phone` varchar(255) DEFAULT NULL,
  `password` varchar(255) NOT NULL,
  `company_id` int NOT NULL,
  PRIMARY KEY (`id`),
  UNIQUE KEY `representative_email_uindex` (`email`),
  KEY `representative_company_id_fk` (`company_id`),
  CONSTRAINT `representative_company_id_fk` FOREIGN KEY (`company_id`) REFERENCES `company` (`id`)
) ENGINE=InnoDB AUTO_INCREMENT=51 DEFAULT CHARSET=utf8mb4 COLLATE=utf8mb4_0900_ai_ci;
/*!40101 SET character_set_client = @saved_cs_client */;

--
-- Dumping data for table `representative`
--

LOCK TABLES `representative` WRITE;
/*!40000 ALTER TABLE `representative` DISABLE KEYS */;
INSERT INTO `representative` VALUES (1,'Edmund','Abels','eabels0@ibm.com',NULL,'0357e479dfc0c6e5c601d1b906fc004f2e0d4e27',5),(2,'Selie','Segoe','ssegoe1@bloglines.com',NULL,'0bd064f2012a816e2def81666d28145f4bdc0b2b',6),(3,'Bealle','Jobbing','bjobbing2@uol.com.br',NULL,'b2f5577682f0fe0fc18b67cab2488e66d0b30f87',1),(4,'Fanya','Heaselgrave','fheaselgrave3@comcast.net',NULL,'78bb756d0868a98fe4ae710381936c5bd12bdc2c',12),(5,'Mommy','Sallter','msallter4@ebay.co.uk','1135735905','4843f70e072c378a170e219d1d059862a1c74a73',1),(6,'Jerrine','Body','jbody5@biblegateway.com',NULL,'67a2135fc2163d2c6b78abe36221a5668f993cfa',6),(7,'Fallon','Jancar','fjancar6@123-reg.co.uk','9336957463','94346f5e952054c253a9ca8a2840b0800bfe5bca',15),(8,'Bartholomew','Sehorsch','bsehorsch7@w3.org',NULL,'d58efdde30c991c240eadf15a2642f915a3e9ed2',7),(9,'Aime','Olech','aolech8@ucla.edu',NULL,'5dca2d28b7435e261589cbe81f6fb90048d19980',16),(10,'Rab','Fenny','rfenny9@tinypic.com',NULL,'900edf73e2283fcdfd3e565e9e1dbd405b4c6da0',5),(11,'Silvio','Gianullo','sgianulloa@yale.edu','3882723745','af91c3dee6a293974c2ffb39b46dd9e4cb333cc3',3),(12,'Ferne','Connechy','fconnechyb@google.ru','3295443297','8a8ce129fe054a4780e70bbb28019b55645a48ed',8),(13,'Sonya','Orrett','sorrettc@vkontakte.ru','8141208467','ef51fffa2c8170f7cb46c2667061ed517029938b',11),(14,'Ailina','Bernardi','abernardid@umich.edu',NULL,'789659dac2a2982e8f1db36f6411f3c0c9bda735',20),(15,'Angel','Saunders','asaunderse@aol.com',NULL,'fde2e8967ba4e488d2568bf9747976a9de2bfeda',9),(16,'Norton','Pourveer','npourveerf@qq.com',NULL,'ba3b3e4e200a00b782fa61bbfd2fcc48bcfec4d2',8),(17,'Lavena','Adami','ladamig@slideshare.net',NULL,'947cb4823b38cbec315f8572b709aa18c8cc4a5f',7),(18,'Mathian','Ludlom','mludlomh@godaddy.com','7823710329','58526be4a1e8c7c728d4e177b22d1f814ecd1e1f',18),(19,'Jacob','Blampey','jblampeyi@buzzfeed.com',NULL,'f1f71236bbb871cc0fed6ba6bdef0c0e1bfd49d6',19),(20,'Boycey','Ridoutt','bridouttj@nih.gov',NULL,'46aa777eead68a36d58890762e32f114e4044950',1),(21,'Lissy','Linsey','llinseyk@deviantart.com','6741938773','38d71c79b2ac9d51656f28db1fdd3ab99d5d3f22',10),(22,'Zenia','Ulyat','zulyatl@hatena.ne.jp','5275218304','ff786a3e5e1819c70d57caef5e5d081dc9b3690d',10),(23,'Stefania','Ord','sordm@bing.com','4337640458','9efb6fec1fa7ff4f4502ae97b8754bd64c374f1f',1),(24,'Shirlee','Gawkes','sgawkesn@addthis.com',NULL,'db9cc9e5fdc277a02d758eca2757a26dcf797949',17),(25,'Oona','Brimble','obrimbleo@nydailynews.com','6584735795','1c5968104059bfb3635f14f06c74e5d51af56660',8),(26,'Eyde','ffrench Beytagh','effrenchbeytaghp@usa.gov','9576462282','b17eb9bd62cedc2060b40dc9c9bb62912b8d7a28',6),(27,'Jacinthe','Garrit','jgarritq@nps.gov',NULL,'ab1c846bc2ca270f2a3c28e46c41d0b43dae7487',11),(28,'Carey','Cadogan','ccadoganr@fc2.com','9488590922','e547c7334299231cb4cf0127c4860c598ece7ee4',13),(29,'Kippie','Kulvear','kkulvears@netvibes.com',NULL,'584127c4a0247641352f89802a5c6079016806db',1),(30,'Karia','Gauler','kgaulert@soundcloud.com','8645321365','4db8f082c0c3be0afa556299dba7be7a23ad4b3f',1),(31,'Gerladina','Easseby','geassebyu@omniture.com',NULL,'29b4839b56c83b4cb6228f0bb0e1bf435e994677',5),(32,'Emiline','McQuirter','emcquirterv@list-manage.com',NULL,'8f4877a9ab8211f10f7f1f757cb3f4aea85669e7',19),(33,'Fabien','Bickford','fbickfordw@shinystat.com',NULL,'f8a0b70cfdb492ee8db2ef0234feb96bbf1f9171',1),(34,'Kat','Hugk','khugkx@wsj.com',NULL,'eebfd24dc89bfb31d034454f4c29cebc5eb9322f',12),(35,'Melisent','Younger','myoungery@redcross.org','3272680825','082042652e7869bc575f229286774a688fc59ed9',9),(36,'Roch','Antonoczyk','rantonoczykz@marketwatch.com','7147326135','6a822a6b72617658461b53b14f0843dabc74c591',9),(37,'Sanford','Whiterod','swhiterod10@ftc.gov','9823161668','63526b5cb6949b2b9d33e2d7109135d0e6de6ea7',3),(38,'Olly','Keepin','okeepin11@springer.com',NULL,'b8f134e921adb65d8d7e4cb1146e179439b69a68',19),(39,'Adrianna','Liddiard','aliddiard12@acquirethisname.com',NULL,'b93a7b89036cb7fd1b66fed330573f19ffac7b28',9),(40,'Adelice','Pridham','apridham13@digg.com',NULL,'5694044869a7c0705d95326dd36b7a5db7531aa3',20),(41,'Dominick','Chowne','dchowne14@networksolutions.com',NULL,'7a910dee9fec9b93df13c63132acbac3f2df0d5e',13),(42,'Pancho','Waddicor','pwaddicor15@ed.gov',NULL,'2b9fa48cc6290ca467cf68d743dc4641b0a5045f',18),(43,'Jane','Cropper','jcropper16@huffingtonpost.com','5703293988','8f92d6b463e0d4dcaf6d348bf9209789844e5e5a',7),(44,'Kaela','Porteous','kporteous17@friendfeed.com',NULL,'18e94fbd8a349685c5337f51277a6507f5397f0d',12),(45,'Chick','Czadla','cczadla18@webnode.com','2577167047','5ef016a24689d971ad498f89d0d5c707d142c6ff',18),(46,'Natalya','De Hooch','ndehooch19@si.edu','7866119050','6c9c920eb52bd1ddeda1952280c38b2b6733184c',9),(47,'Lamont','Loalday','lloalday1a@hc360.com',NULL,'23e108b46e08737de74d30b07bc94a370b22d272',3),(48,'Shauna','Maps','smaps1b@whitehouse.gov','2994255024','76557cc79008dc96d8f5871d13ffd60e43cf9e08',20),(49,'Yevette','Bront','ybront1c@tmall.com','9225364966','17a38080022de7c0cb48a879944e3b870fda7275',7),(50,'Gray','Shillabeare','gshillabeare1d@salon.com','8459221234','15193e12e05ef2d1753a0ebfd3b95edca1bea09a',13);
/*!40000 ALTER TABLE `representative` ENABLE KEYS */;
UNLOCK TABLES;

--
-- Table structure for table `school`
--

DROP TABLE IF EXISTS `school`;
/*!40101 SET @saved_cs_client     = @@character_set_client */;
/*!50503 SET character_set_client = utf8mb4 */;
CREATE TABLE `school` (
  `id` int NOT NULL AUTO_INCREMENT,
  `name` varchar(255) NOT NULL,
  `phone` varchar(255) DEFAULT NULL,
  `email` varchar(255) NOT NULL,
  `password` varchar(255) NOT NULL,
  `internships_manager_id` int NOT NULL,
  PRIMARY KEY (`id`),
  UNIQUE KEY `school_email_uindex` (`email`),
  KEY `school_internships_manager_id_fk` (`internships_manager_id`),
  CONSTRAINT `school_internships_manager_id_fk` FOREIGN KEY (`internships_manager_id`) REFERENCES `internships_manager` (`id`)
) ENGINE=InnoDB AUTO_INCREMENT=21 DEFAULT CHARSET=utf8mb4 COLLATE=utf8mb4_0900_ai_ci;
/*!40101 SET character_set_client = @saved_cs_client */;

--
-- Dumping data for table `school`
--

LOCK TABLES `school` WRITE;
/*!40000 ALTER TABLE `school` DISABLE KEYS */;
INSERT INTO `school` VALUES (1,'Philosophisch-Theologische Hochschule der Salesianer Don Boscos','9361142625','ameins0@mozilla.org','909a38a6d05750564031fc1c5bb0288bcd5a2ea4',9),(2,'Barnard College - Columbia University','4896628092','rwinsborrow1@etsy.com','b1a2ab0f2fcbf4d5bda36e5b8ac9a3be32033ff9',8),(3,'Abia State Polytechnic','7809016035','bpepis2@t-online.de','77ba6097a3e17f83aae9b1f545f7601951ab30dd',1),(4,'Adamawa State University','7527950174','imonte3@buzzfeed.com','da422951a6863c01f6faa3baa37d9ce89a4e34d4',9),(5,'Philander Smith College',NULL,'icranmer4@wikia.com','695881e88e6870aaa4ebba1f6b8e8376aba2f16b',7),(6,'Universidade Bandeirante de S├úo Paulo','7536733179','rfoskin5@mozilla.org','49c72e22425dde526bee17911b68fb56f6f9d296',3),(7,'GC University','7706128570','thearst6@google.pl','acd2a786faacba755483ca4ee9deaee0296c91d8',6),(8,'Ecole Polytechnique Marseille','6739609222','mcubbon7@cocolog-nifty.com','7ef24ee767b164c62ca2d5043c0674fd87551fea',8),(9,'University of Halifax, Birmingham Campus','2706387204','nfills8@redcross.org','e4242911f72f4d3d2fc81ee0e75c40a1d3113bd1',3),(10,'Trinity University',NULL,'tbrewerton9@sina.com.cn','44c9483a89c4da3bfedc216be087687306a438da',3),(11,'Al-Bukhari International University',NULL,'hdamirala@webmd.com','a8ad0836bbdb573f77691c53842631e27254ebff',9),(12,'Universidade Cruzeiro do Sul','9299610188','bpratleyb@cisco.com','5f435673017ed56360f561d429ee2d5b18e6d913',1),(13,'Universidad de Alicante','4985164716','golivazzic@blinklist.com','5170d0daf817fa057ab4b25067d0520fc7e29e55',1),(14,'Fudan University','1175079864','jgerhardtd@businesswire.com','8ad107d17c6fad9f039c6c5f9a989ed9d3447875',8),(15,'Arab Open University','3337198479','chatte@usa.gov','7251a89e5d0e1e6b499fa73aa807451fe140e23a',7),(16,'Johnson & Wales University','7573241651','ltrembletf@dailymail.co.uk','02b0953d1ad73b3412dd7a0708be2737d5eff4f3',8),(17,'Atat├╝rk University','9525278375','twestneyg@amazon.com','5f8351b5fed5eca804bb441350da1a673774351c',8),(18,'Misr University for Sience and Technology','7488188549','fhalladayh@fastcompany.com','a3fa06ebe7852162a8824b905c85ce5f1318c7c5',8),(19,'Adeyemi College of Education','3056686715','mgoadsbyi@alexa.com','a44d5abf7b5b5169cc965dd18dcdb38fbfc8338c',9),(20,'Universidad Nacional de La Plata','6731638048','posmondj@bizjournals.com','98f89d294f8a11e2d7321bc29fda2f615ee4e563',6);
/*!40000 ALTER TABLE `school` ENABLE KEYS */;
UNLOCK TABLES;

--
-- Table structure for table `skill`
--

DROP TABLE IF EXISTS `skill`;
/*!40101 SET @saved_cs_client     = @@character_set_client */;
/*!50503 SET character_set_client = utf8mb4 */;
CREATE TABLE `skill` (
  `id` int NOT NULL AUTO_INCREMENT,
  `name` varchar(255) NOT NULL,
  `level` varchar(255) DEFAULT NULL,
  `student_id` int DEFAULT NULL,
  PRIMARY KEY (`id`),
  KEY `skill_student_id_fk` (`student_id`),
  CONSTRAINT `skill_student_id_fk` FOREIGN KEY (`student_id`) REFERENCES `student` (`id`)
) ENGINE=InnoDB AUTO_INCREMENT=501 DEFAULT CHARSET=utf8mb4 COLLATE=utf8mb4_0900_ai_ci;
/*!40101 SET character_set_client = @saved_cs_client */;

--
-- Dumping data for table `skill`
--

LOCK TABLES `skill` WRITE;
/*!40000 ALTER TABLE `skill` DISABLE KEYS */;
INSERT INTO `skill` VALUES (1,'QRadar','Novice',224),(2,'Aircraft Maintenance',NULL,98),(3,'Kyocera',NULL,25),(4,'Call Centers',NULL,287),(5,'Xsan',NULL,327),(6,'JCIDS',NULL,166),(7,'Lytec','Proficient',310),(8,'OODBMS','Novice',1),(9,'RLU','Expert',205),(10,'Illustrator','Novice',394),(11,'AASHTO','Novice',242),(12,'DWBI','Novice',369),(13,'CMS',NULL,275),(14,'BLS',NULL,363),(15,'Injection Molding','Novice',309),(16,'Earthquake Engineering','Expert',206),(17,'NHS','Expert',36),(18,'Xbox','Proficient',145),(19,'WBTs','Proficient',364),(20,'Aquatic Therapy','Proficient',304),(21,'MSC Adams','Expert',11),(22,'Home Equity Lines of Credit','Proficient',193),(23,'Urban',NULL,317),(24,'iPhone Support',NULL,342),(25,'Food Science','Novice',28),(26,'Video Editing',NULL,259),(27,'Supply Chain Optimization','Novice',302),(28,'Manufacturing','Novice',160),(29,'WTX','Proficient',117),(30,'Seismic Attributes','Proficient',255),(31,'DSI','Expert',5),(32,'Epidemiology','Expert',306),(33,'FMLA',NULL,60),(34,'Iyengar Yoga','Expert',399),(35,'International Real Estate','Proficient',6),(36,'Ethernet','Novice',154),(37,'HP-UX',NULL,82),(38,'MTOs','Expert',173),(39,'Operational Excellence','Expert',153),(40,'Operational Efficiency',NULL,385),(41,'HDI',NULL,166),(42,'MySpace',NULL,176),(43,'Compensation &amp; Benefits','Proficient',320),(44,'JDBC','Expert',197),(45,'Urbanism',NULL,289),(46,'Academic Advising','Expert',279),(47,'Ethnography','Expert',220),(48,'RHIA',NULL,392),(49,'ISO 9001','Proficient',301),(50,'Ksh','Novice',362),(51,'TLM','Proficient',104),(52,'GNU tools','Proficient',116),(53,'Oil Analysis','Proficient',311),(54,'Cd',NULL,376),(55,'Integration','Novice',240),(56,'Xpress',NULL,282),(57,'QPST','Novice',177),(58,'DMC',NULL,55),(59,'Non-profit Board Development','Expert',319),(60,'PK/PD',NULL,16),(61,'DOT Regulations',NULL,183),(62,'Image Manipulation',NULL,138),(63,'Appointment Scheduling','Novice',259),(64,'CPL',NULL,73),(65,'Rig','Proficient',111),(66,'DH+','Proficient',12),(67,'End User Training','Proficient',201),(68,'JDeveloper','Expert',314),(69,'Architectural Design','Proficient',190),(70,'WSIB Claims Management','Novice',396),(71,'Hands-on Training',NULL,165),(72,'WSUS','Novice',35),(73,'Ocean Freight','Expert',104),(74,'Weapons of Mass Destruction',NULL,137),(75,'Document Management','Novice',59),(76,'PGW','Novice',233),(77,'Prototype.js','Novice',162),(78,'RHIT',NULL,142),(79,'User Experience Design','Novice',35),(80,'Ektron','Proficient',327),(81,'International Tax','Expert',113),(82,'Options',NULL,330),(83,'Wound Care',NULL,86),(84,'USB','Proficient',337),(85,'Production Planning','Proficient',30),(86,'Irrigation Management','Expert',183),(87,'ICP-OES','Proficient',190),(88,'UltraTax',NULL,318),(89,'Sales Presentations','Expert',229),(90,'Part-Time CFO Services',NULL,33),(91,'MMO','Expert',358),(92,'Oil Changes',NULL,237),(93,'Twitter','Expert',351),(94,'Computer Graphics','Novice',281),(95,'Biodiversity','Expert',97),(96,'Running',NULL,75),(97,'UF/DF','Novice',296),(98,'iReport','Expert',218),(99,'Yellow Pages','Novice',21),(100,'Digital Media',NULL,190),(101,'RSoft','Novice',115),(102,'Distance Learning','Proficient',20),(103,'Windows 7',NULL,334),(104,'Film','Proficient',31),(105,'Turn Around Management','Expert',365),(106,'Naval Architecture','Novice',346),(107,'Temporary Placement','Proficient',138),(108,'Variance Analysis','Novice',377),(109,'Managerial Finance','Expert',252),(110,'Industrial Hygiene','Novice',372),(111,'Global Operations',NULL,46),(112,'Ultrafiltration',NULL,191),(113,'KCS',NULL,297),(114,'Commercial Aviation','Proficient',339),(115,'Program Management','Expert',284),(116,'Hyperion HFM','Novice',127),(117,'Two-factor Authentication','Proficient',129),(118,'Mycology','Expert',371),(119,'Business Objects Data Integrator','Novice',90),(120,'Equipment Repair','Novice',319),(121,'Work Effectively',NULL,140),(122,'SGW',NULL,79),(123,'NMR','Proficient',398),(124,'Business Journalism','Proficient',208),(125,'Wastewater Treatment',NULL,368),(126,'Book Illustration','Expert',200),(127,'FrameMaker','Proficient',255),(128,'CBEST','Novice',208),(129,'GAAP','Novice',238),(130,'GSA Schedule','Novice',184),(131,'DVT','Proficient',355),(132,'PIM-DM','Novice',207),(133,'MRM',NULL,252),(134,'UV-Vis-NIR','Novice',80),(135,'Medical Ultrasound','Novice',226),(136,'Jive','Novice',362),(137,'Two-factor Authentication','Novice',323),(138,'Zainet','Expert',311),(139,'FEED','Novice',353),(140,'Kidney Transplant',NULL,314),(141,'GPS Applications',NULL,323),(142,'Italian','Proficient',327),(143,'MBTI',NULL,296),(144,'IIS',NULL,362),(145,'PDM Works',NULL,65),(146,'Offshore Outsourcing','Novice',396),(147,'Luxury Homes','Expert',92),(148,'International Real Estate',NULL,338),(149,'GPS Navigation','Novice',357),(150,'SSI',NULL,360),(151,'Quantitative Analytics','Expert',343),(152,'PDL','Proficient',243),(153,'Dunn &amp; Bradstreet','Expert',104),(154,'SG&amp;A','Proficient',220),(155,'First Aid',NULL,337),(156,'Channel Partners','Novice',193),(157,'ODBC',NULL,386),(158,'iReport','Proficient',135),(159,'Church Events','Novice',54),(160,'FpML',NULL,315),(161,'DVB-T','Proficient',150),(162,'ICEM CFD',NULL,326),(163,'Kinetics',NULL,105),(164,'Music Videos',NULL,46),(165,'Film','Expert',157),(166,'Talent Booking',NULL,346),(167,'System Architecture','Expert',176),(168,'Western Europe','Proficient',340),(169,'RPT','Expert',37),(170,'Aesthetic Surgery',NULL,317),(171,'Platform LSF','Novice',110),(172,'Concept HDL','Novice',315),(173,'IHT','Novice',277),(174,'Church Events','Novice',352),(175,'CVIS',NULL,213),(176,'PFD',NULL,350),(177,'Konica','Novice',189),(178,'Visual Arts',NULL,228),(179,'SGE','Proficient',342),(180,'Oracle VM','Expert',265),(181,'User Acceptance Testing',NULL,40),(182,'PFlow','Novice',19),(183,'OData','Novice',112),(184,'WCF','Proficient',180),(185,'Biomass','Proficient',150),(186,'RMIS','Novice',227),(187,'Kundalini Yoga','Expert',89),(188,'SX.enterprise',NULL,400),(189,'Fashion Design','Proficient',239),(190,'Observation','Novice',116),(191,'CADS RC','Proficient',250),(192,'VSP 4','Expert',259),(193,'Knee','Novice',361),(194,'Ninja Skills','Expert',368),(195,'LPT',NULL,319),(196,'Brand Equity','Proficient',345),(197,'TL1','Proficient',165),(198,'CTIOS','Novice',326),(199,'Utility Billing',NULL,130),(200,'Wyse','Proficient',168),(201,'Epigenetics','Proficient',5),(202,'Oasys','Expert',389),(203,'.NET','Expert',109),(204,'Supplier Evaluation','Novice',379),(205,'Black &amp; White Photography','Novice',105),(206,'BSF','Proficient',370),(207,'SGSN','Novice',96),(208,'IEEE standards','Proficient',84),(209,'Gourmet','Expert',360),(210,'LaTeX',NULL,393),(211,'Algorithms',NULL,238),(212,'DS4000','Expert',231),(213,'IP Networking',NULL,151),(214,'FTO',NULL,207),(215,'Youth Outreach',NULL,348),(216,'Yacht Deliveries',NULL,103),(217,'Chronic Illness','Expert',193),(218,'EBMS','Proficient',29),(219,'IBM XIV','Proficient',109),(220,'CSS Sprites','Proficient',272),(221,'TQM','Proficient',371),(222,'Leases','Novice',144),(223,'CFTC','Expert',142),(224,'BTO',NULL,101),(225,'Service Delivery',NULL,165),(226,'GPIB',NULL,371),(227,'Eye Exams','Expert',85),(228,'OSHA','Novice',339),(229,'Overseas Sourcing',NULL,201),(230,'Tax','Novice',314),(231,'Factory',NULL,81),(232,'Workshops',NULL,41),(233,'Jeep','Expert',138),(234,'IHE','Novice',60),(235,'Ethernet','Proficient',345),(236,'Accounts Payable',NULL,256),(237,'Improvisation',NULL,230),(238,'NCSS','Expert',372),(239,'Following Up','Expert',243),(240,'PCIe','Novice',231),(241,'Brocade Fibre Switches',NULL,353),(242,'Vulcan','Novice',66),(243,'NPL',NULL,390),(244,'Construction Loans','Expert',207),(245,'FDTD',NULL,99),(246,'Timber',NULL,111),(247,'Board Development','Proficient',142),(248,'UHF','Novice',340),(249,'NS2','Expert',293),(250,'Omron','Novice',298),(251,'IBM AIX','Expert',146),(252,'Snoring','Proficient',184),(253,'Value Engineering','Novice',193),(254,'SSAS 2008',NULL,64),(255,'VLC','Novice',330),(256,'FM/2','Proficient',85),(257,'Climate Change','Expert',125),(258,'Fragrance',NULL,115),(259,'LynxOS','Expert',219),(260,'Routing Protocols','Novice',241),(261,'ArcGIS','Novice',298),(262,'Online Publishing','Proficient',209),(263,'Posters',NULL,153),(264,'QLab',NULL,113),(265,'PPV','Novice',88),(266,'Appeals','Proficient',238),(267,'Wireless','Expert',23),(268,'DTR','Proficient',305),(269,'Joint Military Operations','Proficient',277),(270,'Gypsum',NULL,186),(271,'CWTS','Novice',154),(272,'Hearings','Proficient',309),(273,'Program Evaluation','Proficient',269),(274,'Application Architecture','Novice',127),(275,'Geophysics','Proficient',352),(276,'DNS Server','Expert',375),(277,'CTAs',NULL,348),(278,'MLP','Proficient',255),(279,'Kohana Framework','Novice',229),(280,'FDM','Expert',290),(281,'NYSE','Novice',39),(282,'Accounts Payable','Proficient',367),(283,'gSOAP',NULL,165),(284,'Nonprofits','Novice',291),(285,'FSC Certification',NULL,358),(286,'Rhetoric','Proficient',293),(287,'NATO',NULL,146),(288,'Deep Tissue Massage','Novice',253),(289,'Oxygen','Proficient',90),(290,'JRockit',NULL,37),(291,'DVCProHD',NULL,270),(292,'BSC','Expert',283),(293,'US Tax','Proficient',125),(294,'SAP MM','Proficient',223),(295,'Pianist',NULL,74),(296,'Rhythm Guitar',NULL,162),(297,'Sony HDV',NULL,323),(298,'ODIN','Expert',218),(299,'Wills',NULL,167),(300,'Ethernet over Copper',NULL,137),(301,'World War II',NULL,237),(302,'DDD','Novice',400),(303,'ZoomInfo','Expert',46),(304,'RDFa','Novice',231),(305,'CNC Mill','Novice',95),(306,'DG Sets','Expert',74),(307,'Gospel','Expert',364),(308,'Conservation Issues','Novice',213),(309,'PTF',NULL,324),(310,'SVM','Proficient',33),(311,'Athletic Performance','Expert',29),(312,'Urban Redevelopment',NULL,270),(313,'HPLC-MS','Novice',240),(314,'ICU','Expert',111),(315,'VB.NET','Expert',85),(316,'eGate','Proficient',356),(317,'T-SQL','Novice',96),(318,'Electronics','Expert',335),(319,'CQA','Novice',306),(320,'Business Overhead Expense','Novice',93),(321,'JSTOR','Proficient',240),(322,'HSEEP','Novice',27),(323,'Technical Writing',NULL,84),(324,'R&amp;TTE','Expert',167),(325,'e-QIP','Expert',321),(326,'Trend Analysis','Novice',246),(327,'Creative Non-fiction','Novice',72),(328,'Title Searches','Expert',203),(329,'LPC','Proficient',326),(330,'Screenwriting','Expert',39),(331,'JProfiler',NULL,297),(332,'Object Oriented Design',NULL,36),(333,'NSS','Novice',304),(334,'Trading Systems','Proficient',240),(335,'Egyptian Arabic','Novice',6),(336,'Customer Satisfaction','Novice',280),(337,'Sales Process','Expert',108),(338,'Norwegian','Novice',296),(339,'SS7',NULL,316),(340,'DNSSEC','Proficient',234),(341,'Oncology','Proficient',74),(342,'Typography','Expert',203),(343,'Kettlebells','Expert',98),(344,'DNA Extraction','Proficient',386),(345,'Knee Surgery',NULL,383),(346,'Data Quality','Novice',203),(347,'Marketing Communications',NULL,111),(348,'Kitchen Remodeling',NULL,241),(349,'ZenCart','Expert',228),(350,'Strategic Thinking',NULL,236),(351,'Java Applets','Proficient',170),(352,'BDC',NULL,26),(353,'Turbo Pascal',NULL,106),(354,'CPCU','Novice',314),(355,'LS-DYNA','Novice',189),(356,'Surveying',NULL,208),(357,'SBT','Expert',59),(358,'Oil on Canvas','Proficient',302),(359,'ArcGIS',NULL,314),(360,'VC#','Proficient',113),(361,'Real Estate License','Novice',56),(362,'UFS','Proficient',122),(363,'Mechanical Engineering',NULL,22),(364,'CPM Scheduling',NULL,23),(365,'Dance','Novice',44),(366,'Hand Knitting','Expert',326),(367,'Operational Excellence','Novice',142),(368,'RSA enVision','Novice',136),(369,'IAD','Proficient',21),(370,'OCaml','Novice',88),(371,'Lymphoma','Novice',190),(372,'PDO',NULL,79),(373,'NHS Commissioning',NULL,69),(374,'VDA','Proficient',150),(375,'CST Microwave Studio','Novice',72),(376,'Literature','Proficient',398),(377,'Fluid Dynamics','Proficient',320),(378,'Overseas Production',NULL,195),(379,'Otology','Novice',29),(380,'TNS','Novice',298),(381,'Overseeing Projects','Expert',92),(382,'MDaemon',NULL,241),(383,'HDI Support Center Analyst','Novice',153),(384,'Snow Leopard','Expert',107),(385,'PTO','Expert',228),(386,'MRSA','Novice',182),(387,'Cell Culture','Novice',398),(388,'RP','Novice',95),(389,'Flow Cytometry',NULL,197),(390,'RDF','Proficient',236),(391,'Hazardous Materials','Novice',214),(392,'IxLoad','Expert',337),(393,'VXI','Proficient',355),(394,'Logo Design',NULL,154),(395,'Two-phase Flow','Novice',202),(396,'Aquaculture',NULL,91),(397,'System Deployment',NULL,371),(398,'RTM',NULL,260),(399,'Zoning','Novice',235),(400,'AKTA','Novice',226),(401,'Equestrian','Proficient',286),(402,'Planned Giving','Novice',328),(403,'KDB+','Expert',17),(404,'EKG','Expert',262),(405,'Laptops','Expert',338),(406,'QC 9.2','Expert',279),(407,'Voice Acting',NULL,304),(408,'Hiring','Proficient',347),(409,'Gstreamer','Novice',378),(410,'SRP','Novice',126),(411,'Packaging',NULL,169),(412,'Kaizen','Novice',116),(413,'PBIS','Expert',147),(414,'GMC PrintNet T',NULL,372),(415,'Military Affairs','Expert',257),(416,'Operational Risk','Novice',202),(417,'Manufacturing Operations Management','Proficient',95),(418,'New Media','Expert',39),(419,'EOD','Novice',229),(420,'TSYS','Expert',257),(421,'RBAC','Novice',228),(422,'PTT','Novice',338),(423,'Troubleshooting',NULL,9),(424,'Gnome','Novice',126),(425,'LLQP','Proficient',169),(426,'Quality System','Proficient',297),(427,'Petroleum','Expert',104),(428,'JCA','Novice',263),(429,'RLM','Proficient',222),(430,'Yachting','Novice',257),(431,'VLDB','Expert',186),(432,'MPE','Proficient',366),(433,'Corporate Branding','Novice',157),(434,'QLab','Novice',6),(435,'Labor Relations','Novice',367),(436,'Easily Adaptable','Novice',129),(437,'TUPE','Proficient',2),(438,'Social Skills','Expert',295),(439,'Applicant Tracking Systems','Expert',273),(440,'Urban Forestry',NULL,280),(441,'Network Administration','Novice',276),(442,'Oxy-acetylene',NULL,291),(443,'Alcohol Awareness','Novice',64),(444,'Jazz','Proficient',158),(445,'Driving License','Expert',232),(446,'BCLS',NULL,152),(447,'Supply Chain',NULL,386),(448,'Active-HDL','Proficient',29),(449,'Equities','Novice',275),(450,'Biology','Expert',148),(451,'GIS','Proficient',261),(452,'OAB','Proficient',236),(453,'Test Equipment',NULL,117),(454,'DMAIC','Expert',261),(455,'Fixed Assets',NULL,298),(456,'Fashion Shows','Expert',301),(457,'Requirements Analysis','Expert',94),(458,'Jet Ski','Proficient',115),(459,'Biopharmaceuticals','Proficient',355),(460,'FTTx','Proficient',103),(461,'iOS Development','Expert',152),(462,'Tax Law','Expert',132),(463,'PMM','Expert',243),(464,'DDoS Mitigation','Expert',358),(465,'HST',NULL,120),(466,'Technical Illustration','Novice',258),(467,'MCSA','Novice',302),(468,'CNC Operation','Proficient',371),(469,'SAP HR','Novice',241),(470,'Squid','Novice',318),(471,'Editing','Proficient',221),(472,'WCB',NULL,239),(473,'Performance Improvement',NULL,107),(474,'Journals',NULL,92),(475,'EOB','Expert',161),(476,'DOS',NULL,15),(477,'Patrol','Expert',284),(478,'BSF','Proficient',393),(479,'Wind',NULL,200),(480,'TMS320','Novice',385),(481,'Human Factors',NULL,103),(482,'TM1','Novice',319),(483,'HP Procurve Networking','Expert',15),(484,'NIMS','Novice',354),(485,'NSN','Expert',56),(486,'Novels','Proficient',208),(487,'LCS',NULL,296),(488,'GFP','Expert',323),(489,'Boating','Proficient',75),(490,'TPL','Expert',291),(491,'ETL Tools',NULL,379),(492,'KMDF','Expert',116),(493,'IS-IS',NULL,115),(494,'Knowledge Base',NULL,361),(495,'Revenue Cycle','Novice',133),(496,'Human Capital Management','Proficient',322),(497,'ISO 27001','Novice',73),(498,'Distributed Systems','Novice',110),(499,'Offshore Oil &amp; Gas','Proficient',394),(500,'Gmail',NULL,233);
/*!40000 ALTER TABLE `skill` ENABLE KEYS */;
UNLOCK TABLES;

--
-- Table structure for table `student`
--

DROP TABLE IF EXISTS `student`;
/*!40101 SET @saved_cs_client     = @@character_set_client */;
/*!50503 SET character_set_client = utf8mb4 */;
CREATE TABLE `student` (
  `id` int NOT NULL AUTO_INCREMENT,
  `first_name` varchar(255) NOT NULL,
  `last_name` varchar(255) NOT NULL,
  `city` varchar(255) DEFAULT NULL,
  `country` varchar(255) DEFAULT NULL,
  `address` varchar(255) DEFAULT NULL,
  `status` tinyint(1) NOT NULL,
  `email` varchar(255) NOT NULL,
  `phone` varchar(255) DEFAULT NULL,
  `school_year` int DEFAULT NULL,
  `major` varchar(255) DEFAULT NULL,
  `password` varchar(255) NOT NULL,
  `school_id` int NOT NULL,
  PRIMARY KEY (`id`),
  UNIQUE KEY `student_email_uindex` (`email`),
  KEY `student_school_id_fk` (`school_id`),
  CONSTRAINT `student_school_id_fk` FOREIGN KEY (`school_id`) REFERENCES `school` (`id`)
) ENGINE=InnoDB AUTO_INCREMENT=401 DEFAULT CHARSET=utf8mb4 COLLATE=utf8mb4_0900_ai_ci;
/*!40101 SET character_set_client = @saved_cs_client */;

--
-- Dumping data for table `student`
--

LOCK TABLES `student` WRITE;
/*!40000 ALTER TABLE `student` DISABLE KEYS */;
INSERT INTO `student` VALUES (1,'Blane','Tolland','Sihe','China','3 Iowa Parkway',0,'btolland0@hostgator.com','9293522440',4,'Basic Industries','73a16db84386c0c8b990c3716a64ba8b19e82f9b',20),(2,'Reynard','Holbury','S├úo Marcos','Brazil','03455 Arrowood Trail',0,'rholbury1@t-online.de','1789010614',NULL,NULL,'45d6035a87852a838f1be18282e4d1d62db42895',8),(3,'Maxim','Conahy','Loutr├│s','Greece','1413 Debs Lane',1,'mconahy2@latimes.com','2392979502',1,'Health Care','7e294c1c2267e121fc959a3811056dff98f75193',18),(4,'Mufi','Derby','Mizque','Bolivia','2922 Hudson Drive',1,'mderby3@si.edu','5067129279',4,NULL,'f3e86178979fc6c24b6c22d4eec057d45e09934e',8),(5,'Dari','Burgett',NULL,'Indonesia','5 4th Place',0,'dburgett4@nifty.com','6628589285',NULL,'Consumer Services','e2ac4e2e1826df021853243f2c026c7d5a09df2f',18),(6,'Xenos','Cropp',NULL,'Philippines','47436 Mallory Terrace',1,'xcropp5@moonfruit.com','2894520555',NULL,'Health Care','461a70c35dfd04dbb3fe9e6b186d9530f3284790',19),(7,'Ernaline','Ansley','Bor','Serbia','155 Vahlen Point',0,'eansley6@aol.com','6853413564',NULL,'Finance','04fa9068d7117ab25e3ff1e475fc3bccd4a24207',7),(8,'Klaus','Wedgwood','Hisya','Syria','352 Debs Terrace',0,'kwedgwood7@drupal.org','9425467552',NULL,'n/a','46f022ed6a66f4713e8c4207ef33121c81e36932',15),(9,'Neila','Behr','Aguada de Pasajeros','Cuba','04871 Bay Street',1,'nbehr8@unc.edu','3661154797',4,'n/a','984119f2955eb33d46cd16960abe40d0352ddce0',12),(10,'Homere','Glaves','Gia Ngh─®a','Vietnam',NULL,1,'hglaves9@4shared.com','4017415835',5,'Finance','5ff35001e76eb2e496bd2cfa3125abe7c40d4f14',8),(11,'Gunilla','de Chastelain','Luj├ín','Argentina',NULL,0,'gdechastelaina@163.com','6594318360',4,NULL,'20a70a2e4f95f52d8259c5f36832848e9083c1c7',19),(12,'Amalia','Isaacs','Santa Rita Aplaya','Philippines','5164 Dryden Drive',1,'aisaacsb@huffingtonpost.com',NULL,NULL,'Capital Goods','9330971e2719f0e982bcd1627204c8b6f29f5258',18),(13,'See','Grinov','Jinan','China','1 Emmet Parkway',0,'sgrinovc@paypal.com','3067060263',5,'n/a','e739578a1558758e0d4725a60f754025a98ec05e',4),(14,'Ed','Woltering','Lipnica Wielka','Poland',NULL,1,'ewolteringd@scientificamerican.com','2844413749',NULL,'Consumer Services','7d201a521140885dcf562d787ea18d3c8350cc6b',9),(15,'Andrei','Danielot','Cangkuang','Indonesia',NULL,1,'adanielote@bbb.org','1343986138',2,NULL,'263a62a1e4a8e616cdee31c1cb52cf8fadf9ee75',17),(16,'Levey','Linney','Benger','Indonesia','98793 Reinke Plaza',0,'llinneyf@friendfeed.com',NULL,3,'Consumer Services','e87a4944e0b30103616ee1011a76389686090958',6),(17,'Meris','Roycraft','Itamaraju','Brazil','70720 4th Road',0,'mroycraftg@vimeo.com',NULL,4,'n/a','d59b0e66f1e519fbea40f86fee011d99a7f38252',7),(18,'Flory','Lujan','G├ñvle','Sweden','7 Duke Drive',1,'flujanh@ihg.com',NULL,2,'Capital Goods','35f8cc295385f137bc48d9daf859dd09d9658ccc',6),(19,'Sile','Edson','YongÔÇÖan','China',NULL,0,'sedsoni@abc.net.au','7292979487',2,'n/a','78c754ed364e3689e3f237af800d9d97b5ac0a27',8),(20,'Giralda','Coopland',NULL,'China','1916 Village Green Hill',0,'gcooplandj@newsvine.com','2888910138',3,'n/a','7ff03b4eb5673897efa4770c6a7d819955dfae1f',5),(21,'Yul','Aldred','Rabat','Morocco','02 Sycamore Parkway',1,'yaldredk@who.int','2328547555',3,'Finance','c187c151715d4f844d557244f52dd7493350b7de',1),(22,'Eb','Anwyl','Bentiu','South Sudan','24338 Loeprich Point',0,'eanwyll@artisteer.com','8815642294',4,NULL,'e13fc8daa277319f930584e97264904498ed9146',9),(23,'Diarmid','Dablin','Brandsen','Argentina','129 5th Terrace',1,'ddablinm@shop-pro.jp','6424850803',NULL,'Health Care','6f2b9930fef8acedf16b9dd163e2c0556d99ed8e',3),(24,'Dale','Twyford','Miratejo','Portugal','66198 Grasskamp Trail',0,'dtwyfordn@elegantthemes.com',NULL,2,'Technology','ebcdfa43e232cc5fcfeee975eb258efc4e58ea30',2),(25,'Griswold','Giraldon','Tecp├ín Guatemala','Guatemala','34329 Hallows Parkway',0,'ggiraldono@ning.com',NULL,1,'Miscellaneous','d302855bd3c382c3bd823eb7db27d646320e7200',17),(26,'Fabio','Dunstan','Al MazraÔÇÿah','Syria','8633 Chive Center',0,'fdunstanp@msu.edu','2153243031',1,'n/a','f2780f2e397abe6bd0bdd2308e01cf03757616f3',7),(27,'Sascha','Loade','Baffa','Pakistan','7596 Lyons Road',1,'sloadeq@sciencedirect.com','2943194482',NULL,NULL,'afbacc06b7ba17d8667f84e8bef209d10f8ecbef',19),(28,'Garald','Brockton','UstÔÇÖ-Kalmanka','Russia','0 Lindbergh Place',0,'gbrocktonr@adobe.com','8838393503',1,'Consumer Non-Durables','4b6dbb9ddf0f9a2942cb5adab7b5d1cee522ef26',19),(29,'Marcos','Lepoidevin',NULL,'China','32681 Anniversary Alley',0,'mlepoidevins@chron.com','4843819011',NULL,'Consumer Durables','1611c25abb5b563fcd4d3429e88b6cb3281f13ce',19),(30,'Hilarius','Gallelli','Antipino','Russia','6016 Maryland Crossing',1,'hgallellit@nhs.uk','6819024502',NULL,NULL,'3e60d6cd7acc47004632c4bf5fe58ba545f033ff',6),(31,'Genevra','Tolossi',NULL,'Nigeria','27 Arkansas Plaza',0,'gtolossiu@e-recht24.de','5193465736',NULL,'Basic Industries','c193802c1511fec8a85d7031b6d3dfa0ad41ce49',11),(32,'Shellysheldon','Mackleden','La Mesa','Panama','5 Rieder Alley',0,'smackledenv@alexa.com',NULL,4,NULL,'3259895ff24add473a4726762423b4e01115946f',8),(33,'Katee','Jerrans','Pingxiang','China',NULL,1,'kjerransw@army.mil','5451102904',NULL,'Miscellaneous','c8fc6db464b828ec15dbbffaed780da721aa7561',20),(34,'Nickie','Peniman',NULL,'Colombia','27280 Texas Circle',0,'npenimanx@youtube.com','7902816448',3,NULL,'273a6d3ae64bf31cdf610b69e715a477ab224aec',6),(35,'Aretha','Guice',NULL,'Russia','83 Shelley Terrace',1,'aguicey@privacy.gov.au','8173036386',4,'Technology','aefa5887da7eaafec07b51fdf1d454735811a04e',7),(36,'Meir','Younglove','Mekarjaya Satu',NULL,'61657 Pankratz Trail',0,'myounglovez@cloudflare.com','4196423012',5,'Finance','2ba6b8ddd3093eb2a7957eb4fa0fcab71ad4612a',19),(37,'Dun','Guinnane','Huanglin','China','11779 Barnett Avenue',1,'dguinnane10@google.co.uk','9637015580',3,'Consumer Services','b018c78818d666392ba7b8d7ce64bc7144423a39',15),(38,'Cherida','Steinhammer','Enshi','China','18667 Old Shore Pass',0,'csteinhammer11@digg.com','8013054349',NULL,NULL,'d8ee3b291b6a790355b2cf253eaaf3be08376bca',11),(39,'Dennie','Raubenheim','Apeldoorn','Netherlands','602 Crowley Hill',1,'draubenheim12@goo.gl','2369933250',4,'Technology','a39211cf1c90625415bc5355dae0814a3c12e8b8',5),(40,'Gale','Spohrmann','Xicheng','China','7 Holmberg Plaza',1,'gspohrmann13@smh.com.au','2946531564',3,'Health Care','2f26cd099a909c3bab3b113b7a6dfe9ad4e8c3cc',11),(41,'Camey','Ridolfi','Esl─üm─üb─üd','Iran','7 Del Sol Circle',0,'cridolfi14@tiny.cc',NULL,5,'Consumer Non-Durables','89636a43c44ec00b2bffb135fb8ce2674491fa6e',7),(42,'Stephana','Clewlow','Akron','United States','24652 Memorial Trail',1,'sclewlow15@paypal.com',NULL,4,'n/a','d7b737c87c12ebc8c26cf5fbe44d0e4eed4a08a5',3),(43,'Rik','Beauchamp','Qiucun','China','2 Namekagon Junction',0,'rbeauchamp16@paypal.com','5258231576',1,NULL,'d4594e61c48d07081f4853e269d336d6393dff93',3),(44,'Hamnet','Applin','Laslovo',NULL,NULL,0,'happlin17@state.tx.us',NULL,1,'n/a','28c19eb1707659221ca941b327c9c8f0ccc479f0',19),(45,'Karlyn','Moret','Shizuishan','China','27 Hermina Street',0,'kmoret18@free.fr','7131536868',NULL,'Consumer Services','8e2ba5a87cb04ff7e135c6b3bf0d61d5a34a1016',18),(46,'Sebastiano','Ramsdell','Rokytne',NULL,NULL,0,'sramsdell19@yale.edu','6335446084',5,'Health Care','24abc7734930ce989394ef726a244154184c6320',1),(47,'Audi','Kettell','Mehtar L─üm','Afghanistan',NULL,1,'akettell1a@mayoclinic.com',NULL,4,NULL,'e14ecee576994f330fcc69d2a2b82e30c01d9d61',13),(48,'Andrea','Sawnwy',NULL,'Philippines','0 Drewry Way',1,'asawnwy1b@oakley.com',NULL,1,'Public Utilities','709f8baf97536672b4f8a4b67b0f9d5454094790',12),(49,'Sauncho','Wolfer','La Carlota','Philippines','49681 New Castle Point',0,'swolfer1c@goo.gl','8292174154',5,NULL,'24bb3b267427fcd1e7bdeec0a4fd1be9ac2b7e12',5),(50,'Marcelline','Vlasin','Jardia','Portugal','4495 Stuart Park',0,'mvlasin1d@nsw.gov.au',NULL,NULL,'n/a','434ea911d2ff5013cc2603a19e3d4dce3165bc21',18),(51,'Joli','Wigginton','Buritizeiro',NULL,NULL,1,'jwigginton1e@dot.gov',NULL,1,'n/a','efd8568b130bdcab936cba3eb2edab2c9b8eb0be',2),(52,'Eldon','Cheeke','Donglai','China','75777 Aberg Crossing',0,'echeeke1f@google.com.br','8582335206',4,NULL,'f35cde4338e510a99fa3db30a15b2a9287e744a7',3),(53,'Basia','Rosthorn',NULL,'Micronesia','593 Kropf Drive',0,'brosthorn1g@rediff.com','4098810939',4,'Consumer Durables','901190f8b34a11476d6b7c3a716e843edf4a8bc3',11),(54,'Emerson','Whiteland','Wuxue Shi','China','43288 Chinook Circle',0,'ewhiteland1h@moonfruit.com',NULL,NULL,'n/a','b814e572285dc70e21874d85bf4266596459601a',4),(55,'Garek','Gutcher','ToÔÇÖrtkoÔÇÖl Shahri','Uzbekistan','78 Sutherland Plaza',0,'ggutcher1i@amazon.co.jp','2585678531',NULL,NULL,'382819d2a6ef80e71d734dafc32bad09d2d7b738',19),(56,'Karyn','Kynd','Jingjiang','China','347 Heffernan Circle',0,'kkynd1j@ebay.com',NULL,5,NULL,'3db2bc625d5d0f94d0c579d42d2a083a350e7bbf',17),(57,'Terra','Murdy','Shejiang','China','06739 Burning Wood Street',0,'tmurdy1k@rambler.ru','4361159351',4,NULL,'8c73555d84b3f693c9c976947b18c62b6fa8c965',12),(58,'Evangelin','Popland','Campor','Indonesia','583 Hudson Road',1,'epopland1l@goo.gl','7942622203',NULL,NULL,'3865419f2caad697269ff4d11e2984f59aa542f2',18),(59,'Rees','Buckston','Wuning',NULL,'71823 Bobwhite Hill',1,'rbuckston1m@google.co.uk','9718633655',NULL,'n/a','b3357a1fd560fdb8de75b718190b2f765a65243f',17),(60,'Sarina','Ambrus',NULL,'China','4 Roth Lane',0,'sambrus1n@hubpages.com',NULL,5,NULL,'d59fd2fc3a0afefcd702b066438ff94bec114757',10),(61,'Berthe','De Paoli','Lomme',NULL,'651 Doe Crossing Court',1,'bdepaoli1o@harvard.edu',NULL,2,NULL,'b6a5af423ceb6e866e98a46e7393e47dc339632d',6),(62,'Andrej','Twomey','Rochester','United States',NULL,0,'atwomey1p@mit.edu','5858598596',5,'Technology','8da8ba17f66c5e67fe68dfe40f6b9802ac1ddb05',12),(63,'Beryle','Gallgher','Trudovoye','Russia','137 Hovde Road',1,'bgallgher1q@stanford.edu','6773830559',NULL,NULL,'c01fa3ff5d86048653813c62b601361b7ad2afc1',19),(64,'Britney','Alleyn','Rancho Viejo','Mexico','0 Linden Plaza',0,'balleyn1r@hud.gov',NULL,4,'Finance','e94b91becd261c4dee41f2db770b719b515da98c',3),(65,'Lyon','Cupper','Jiangshan','China','9205 Memorial Lane',1,'lcupper1s@360.cn','4055322450',5,'Health Care','6ee13d6511fd661ef03b277e9ec1085f32999cde',3),(66,'Adelbert','Assaf','Daliang','China','439 Mandrake Terrace',1,'aassaf1t@house.gov','8263721328',1,NULL,'dbe9ccdee57253783d403e197174ea2ab664b2dd',2),(67,'Vivia','Paschek',NULL,'Indonesia','555 Vahlen Parkway',0,'vpaschek1u@cafepress.com',NULL,NULL,'Consumer Non-Durables','56188bb4f97e20004930b24c151bedc2a487d774',2),(68,'Dorothea','Behrens','Shimotoda','Japan','29 Di Loreto Lane',1,'dbehrens1v@bbc.co.uk',NULL,NULL,'Finance','4050c94980194480990089d3e0bd727f98c32f12',7),(69,'Ludovico','Scurry','El Espino','Colombia',NULL,1,'lscurry1w@zimbio.com','9699179036',3,'Finance','6e51f1e1be7ba867279ec202ffd12fc0c0d386ca',1),(70,'Alix','Linacre','Nowosielce','Poland','0 Burrows Trail',0,'alinacre1x@google.de','7828785256',3,'Public Utilities','8c97168cfe72d343c20e85d07774b2e29627545b',1),(71,'Sophia','Penk','Bobrov',NULL,'8 Ramsey Trail',0,'spenk1y@youtube.com',NULL,2,NULL,'b8282016aa6859acf48c7e00c3f64f41164ffe5f',12),(72,'Elli','Rosenfelder','Lusambo','Democratic Republic of the Congo','27258 Autumn Leaf Drive',0,'erosenfelder1z@hhs.gov','9943886387',5,'Consumer Services','c455ad3f82c954acbd2cf27fe1437f6b9b67502f',13),(73,'Beitris','Duerdin',NULL,'China','66036 Boyd Drive',0,'bduerdin20@unblog.fr','5748576269',NULL,'n/a','9212b08acfbf327ee608f1588c9c0af3781b20fe',2),(74,'Ernestus','Menloe','Shaxi','China','289 Mccormick Center',0,'emenloe21@usda.gov','7339673809',3,'Consumer Services','4bcb0fbf694eaab5ef8ae303675f803c066e7686',8),(75,'Osborn','Fotherby','Grenoble','France',NULL,1,'ofotherby22@bigcartel.com',NULL,2,'Technology','241bcfaf6dd408c43579de2dca7e0db153b0b937',12),(76,'Rhianon','Minci','Kasamatsuch┼ì','Japan',NULL,0,'rminci23@whitehouse.gov','5111406623',3,'n/a','39771ba5095d34baad692531a85538b486159189',4),(77,'Faythe','Castano','Sadek',NULL,'377 Colorado Hill',0,'fcastano24@instagram.com','2126335081',1,'Finance','12e7840d28d63e146e44252e112bd98dedaf7ed7',12),(78,'Isobel','Meagh','Benito Juarez','Mexico',NULL,0,'imeagh25@surveymonkey.com','6975561896',2,'Health Care','a95e8baf7b56003b9ec6f273522d22a276de4f94',13),(79,'Elliot','Eadmead','Keren','Eritrea',NULL,1,'eeadmead26@home.pl','3712549063',NULL,NULL,'1fc5020fa2a93891d38caa567b501a2d4056f150',6),(80,'Patric','Witz','Cradock',NULL,'08 Esker Plaza',0,'pwitz27@icq.com','3807448830',1,'n/a','13286d5e5fdb1fd9a738ea665cb7eea72b2a86fa',11),(81,'Mimi','Bilson','Torbeck','Haiti',NULL,1,'mbilson28@1und1.de',NULL,NULL,'Public Utilities','d78b635eb4ec3ae8f3f043423b60cac6b31f9cd9',13),(82,'Derril','Vaudin','Marsh Harbour',NULL,'787 Westerfield Junction',0,'dvaudin29@census.gov','5017459836',3,'Health Care','7b3eed9f1d7dd08dcaf891e233e1c9853229ec0a',5),(83,'Ethelyn','Canning','Kandava','Latvia',NULL,0,'ecanning2a@cnet.com','3157542715',5,'Health Care','7e5a1a06c2f91d99efb7f5dc54bc588a25e9ee36',14),(84,'Demetrius','Adrien','Novo-Peredelkino','Russia',NULL,1,'dadrien2b@angelfire.com','7218200440',NULL,NULL,'e3347afad9183657b3c4be1f4e50b0a6ec365078',7),(85,'Forester','Jamson','Agi├ísos','Greece','74858 Cottonwood Terrace',1,'fjamson2c@360.cn','8399974943',2,'Consumer Durables','48337203ccbb5206b822267adefa745c29bfb1d2',18),(86,'Edvard','Trustram','Labao','China','7942 Holmberg Plaza',1,'etrustram2d@gov.uk',NULL,4,'Health Care','3f75b7b58859028fd5c216b0101a06a35988fa60',11),(87,'Dolorita','Blaydon','Kidangbang','Indonesia',NULL,0,'dblaydon2e@spotify.com',NULL,2,'Technology','2eb504dd03973038303efaef8c8a3a195cdae629',17),(88,'Mathe','Candlish','Lipsko','Poland',NULL,0,'mcandlish2f@dailymail.co.uk','7928716357',NULL,'Finance','8b5d16819e699f656072677e8063ec18be3b4d59',14),(89,'Paquito','Urey','Ponyri Vtoryye','Russia',NULL,0,'purey2g@noaa.gov','9145536511',4,'Transportation','b75c2093247bda40fcf8171502b934d8d639c9d5',6),(90,'Gus','Perott','Rukem','Indonesia','315 Anzinger Plaza',1,'gperott2h@unblog.fr','2441480174',5,'Health Care','327dd7fa3f7ae9ffde9af19fa867fc543619b0db',6),(91,'Freida','Wallbridge','Acand├¡',NULL,'20842 Talmadge Alley',1,'fwallbridge2i@wufoo.com','3672560787',2,'Technology','a9d31ff14fc03670c88ab96648fbd3f4ef34acb1',20),(92,'Gwenora','Galfour','Sanrao','China','8411 Delladonna Park',1,'ggalfour2j@archive.org',NULL,1,'Finance','57d784262430da69bd1cfecff761b3b8243fa8ca',16),(93,'Marchelle','Alekhov','Bastia','France','113 Bartelt Alley',0,'malekhov2k@google.de',NULL,NULL,NULL,'98fc9f2a44b8452af1cd6829d8543ed5fc5de058',17),(94,'Dallas','Murcutt','Warburton','Pakistan','66 Graedel Pass',1,'dmurcutt2l@comsenz.com','7847274644',3,'Technology','6307b10576e354901718fdd6f128f4ffc3b30978',8),(95,'Paola','Harty','Whitehorse','Canada','037 Nova Street',1,'pharty2m@samsung.com','4873800724',NULL,'n/a','4fe8320fdc6e86ec161d689ec8467d537c54230e',11),(96,'Aubrette','Sacker','Tabonok','Philippines','468 Del Mar Street',0,'asacker2n@ovh.net',NULL,5,'Energy','ca041d43cb72791aa2975b14c24824f25d14c5fb',8),(97,'Filide','Morford','Guiset East','Philippines','32 Ryan Plaza',1,'fmorford2o@i2i.jp','2169004558',2,'Health Care','63fe09fa290e536f8b6c9f2ce803915f8ce8b3f9',18),(98,'Lorianne','Nossent','S─àcz├│w','Poland','7 Pierstorff Court',0,'lnossent2p@reverbnation.com','9714326160',NULL,NULL,'0d63c24507a0ff80cade59630a53b9edf9517762',16),(99,'Milicent','Grahlmans','Banjar Triwangsakeliki','Indonesia','4 Mandrake Center',1,'mgrahlmans2q@vimeo.com','7582253249',1,'Finance','d582fe3f5fb35350459bd7a337b5c33c45bd9b5e',10),(100,'Gil','Hans',NULL,'El Salvador','6 Oriole Lane',1,'ghans2r@ucoz.ru',NULL,4,'Finance','80cb876a8a310160f336149674df4dda40122ba7',6),(101,'Loutitia','Rosenqvist','Panjir',NULL,'96141 Mccormick Circle',0,'lrosenqvist2s@ning.com','4783497500',NULL,NULL,'a90e1f83954e7e251f06523dc410d2ab4b079f8d',4),(102,'Othilie','Quiddihy','Arauco',NULL,NULL,1,'oquiddihy2t@marketwatch.com',NULL,4,'n/a','287e22a16c960fe3299c8491305e4b003884aba7',2),(103,'Laetitia','Doornbos','Coquitlam','Canada','7846 Gerald Center',1,'ldoornbos2u@senate.gov','7024612899',4,'Finance','5d4ea12e22cbb69c47810bdbdd73d819d2dec642',11),(104,'Magnum','Luckes','Maca','Peru',NULL,0,'mluckes2v@elpais.com','3758769703',NULL,NULL,'b9eea26ac1acc53d31eae5ad865b4d6d9c8cd055',12),(105,'Swen','Ritchie','Zhangcun','China','867 Kings Place',1,'sritchie2w@youtube.com','5718353152',2,'Finance','89a37007c556675284927da3f1806fb1d89b9e2d',15),(106,'Minnaminnie','Edess','San Juan','Mexico','59059 Thierer Lane',0,'medess2x@answers.com',NULL,NULL,'Consumer Services','1569da32bd8e339313ac0eda8180a69b0311915a',16),(107,'Larisa','Juorio','Paterson','United States','2 Farwell Avenue',0,'ljuorio2y@flavors.me','8623843700',1,'Health Care','5bef9b10ab8bf9876edf5721d3adfe4fbe09816a',7),(108,'Jaynell','Lewty','San Isidro','Philippines',NULL,0,'jlewty2z@ihg.com','2074309946',3,'Basic Industries','35ce5e4815d24beb555aeed3e0a14a47eaeeee70',10),(109,'Vonnie','Chevalier','Nggalak','Indonesia','2 Merrick Center',1,'vchevalier30@twitter.com','6799463692',5,NULL,'43cc7f6fe6cc462b73508b5be9ee8fb63284d9bd',9),(110,'Roxine','MacSkeaghan','Deje',NULL,'498 Fairview Plaza',0,'rmacskeaghan31@amazon.de',NULL,2,NULL,'c4b61018714cf1053cbed4068014d3d61930aa5d',11),(111,'Dur','Gerdts',NULL,NULL,'6 Oriole Way',1,'dgerdts32@dedecms.com','5627590717',2,'n/a','37aa8bd00bb4dc66c8bd856a2c5718d9582ca900',4),(112,'Amye','Senett','Guanxi','China',NULL,0,'asenett33@xrea.com','6466239186',2,'Finance','40403a340bb00ea59c7c59d7b2e5dea01fe51e03',3),(113,'Lombard','Pharaoh','Tij├úo','Portugal','6593 Pawling Center',1,'lpharaoh34@cafepress.com','5244711368',1,NULL,'4210d001a7cfba50dd66590ceda28cf446be38db',6),(114,'Dolli','Kighly','Navoiy','Uzbekistan','3 Cambridge Junction',1,'dkighly35@so-net.ne.jp','9443650081',2,'n/a','f3331c25c43cc92b82fb5765a4f0ecdf27022137',6),(115,'Lodovico','Denny','Bariri','Brazil','7715 Mariners Cove Crossing',1,'ldenny36@sfgate.com',NULL,3,'Public Utilities','ceab85ef2d1c4a90f6dce51bb55bf6a50d7f8048',20),(116,'Dante','O\'Hollegan','Lamongan','Indonesia','376 Bultman Junction',0,'dohollegan37@hostgator.com','1253728610',4,'Energy','3c8ec39eb5b18d2e189dbba9ed7d1f0550d2124b',8),(117,'Elianore','Horrell','Hakha','Myanmar','1 Elmside Plaza',0,'ehorrell38@reverbnation.com',NULL,4,NULL,'062e8768dab98ac221c102d6430d171f21b47467',8),(118,'Niels','Manders','Chejiazhuang','China','73 Brentwood Trail',1,'nmanders39@ow.ly','4695286961',1,'Basic Industries','f60c9e184863c9de8ec6e2ea6f0d43a94e588d6c',9),(119,'Herrick','Rolingson','Gua├ºu├¡','Brazil','6677 Wayridge Plaza',1,'hrolingson3a@shinystat.com','1915815243',5,NULL,'0d4d43558bcab119f6eb738ad9c2c3c57b0f343c',12),(120,'Carmencita','Cornehl','Cipadung Timur','Indonesia','79 Packers Junction',1,'ccornehl3b@woothemes.com',NULL,2,NULL,'9633db07b5465ccef3188348f7ab79f84f5f9110',1),(121,'Natalina','Guinn','Aix-les-Bains','France',NULL,0,'nguinn3c@devhub.com',NULL,NULL,NULL,'309456dfd6975ffefd2d3ef589da4d96280b96a6',3),(122,'Bess','Bagot',NULL,'Peru','1870 Amoth Junction',0,'bbagot3d@prweb.com','9625403992',2,NULL,'cc822b80f7da9662435910d8ed029ecf9afc3afb',4),(123,'Mallissa','Bycraft','Busilak','Philippines','96692 Farmco Junction',1,'mbycraft3e@flavors.me',NULL,4,NULL,'8dcbe6d6c5d66bac2efc90f315dd971813fcfa77',2),(124,'Raphaela','Lardner','Montgomery','United States','47144 Lindbergh Center',1,'rlardner3f@wordpress.org','3347882542',NULL,NULL,'4bd661f8df869351e2097d0d0b76aedf6dc917c9',3),(125,'Rhianon','Skudder',NULL,'Brazil','0 Mariners Cove Junction',1,'rskudder3g@purevolume.com','4078747512',2,'Public Utilities','05345c1ce16dfa3329d3dc73fd65a5f1a5ab3710',4),(126,'Beauregard','Brittle',NULL,'China','0 Warner Court',1,'bbrittle3h@pagesperso-orange.fr','9735954415',3,NULL,'7f40f6c6e129ce425cfbcba40a77ea2f9bb187f7',10),(127,'Sly','Polson','Taiping','China','6591 Gulseth Street',1,'spolson3i@163.com',NULL,NULL,'Energy','d38ab734bb19df76c7f86368e0ee3f68a7810ef2',7),(128,'Dora','de Pinna','Tres Arroyos','Argentina','2916 Macpherson Drive',1,'ddepinna3j@slideshare.net',NULL,5,NULL,'d8dd4079cba2ae073864e91dfab0d0a9bd8418bf',5),(129,'Leo','Abrahamovitz','Okanagan','Canada',NULL,0,'labrahamovitz3k@squidoo.com',NULL,1,NULL,'e35700a21a8e28aa9974dc79e11b348d7639e04e',7),(130,'Andy','Pere','Grujugan','Indonesia','77 Welch Road',0,'apere3l@123-reg.co.uk','2661485010',1,'Consumer Services','1e166208d058d1b0689941c143b92bfa61ae9053',15),(131,'Olly','Fielder','Vesoul','France','0982 Hintze Court',1,'ofielder3m@unesco.org',NULL,NULL,'Health Care','f261661a3cf655bfdb21d491cc592721123e4531',8),(132,'Heall','Braidwood',NULL,'Tajikistan','14 Colorado Center',0,'hbraidwood3n@quantcast.com','1424036092',5,'Basic Industries','5cc8da009474892c4f3ffc1adc20dda6cf30abf5',12),(133,'Ariella','Blowers',NULL,'Finland','9 Redwing Road',0,'ablowers3o@etsy.com','8457901303',1,'Consumer Services','6842c250260e828e1d7f86dba050a0e5973657ee',15),(134,'Rudiger','Spillane','Geniss├®a','Greece','272 Melvin Plaza',1,'rspillane3p@berkeley.edu','6473651462',3,'Consumer Durables','87ff76ca3e5993d34f4737dc14c8aef35f15710a',4),(135,'Jorey','Tanguy','Bertioga','Brazil','8 Pankratz Alley',1,'jtanguy3q@google.nl','2009828696',3,NULL,'ba7881c0895252cdbc02829e2ab81469d60fd401',3),(136,'Missy','Leathart','Villanueva','Colombia','22421 Lighthouse Bay Lane',0,'mleathart3r@amazon.com',NULL,2,'n/a','7d21024c1d74b7d4192d30003921c3bcdabe3252',8),(137,'Corbie','Fitzpayn','Colomi','Bolivia','7755 Rieder Trail',1,'cfitzpayn3s@jiathis.com',NULL,NULL,'Finance','f225f6950fd3dae9812b178aa89637796c59a05b',2),(138,'Radcliffe','Whipp','Ambovombe','Madagascar','850 Fremont Hill',0,'rwhipp3t@wisc.edu','6613212729',NULL,'Energy','84491c53b0b39209f593bd76e72d012f66394f1a',5),(139,'Diarmid','Montes','Sawangan','Indonesia','6 Upham Street',1,'dmontes3u@usa.gov','9099081140',1,NULL,'9a5c4465b7a7429302cd521886ddecc38849b4c4',15),(140,'Carl','Janny','Calbuco','Chile','3 Corry Court',0,'cjanny3v@businesswire.com','1576643686',5,NULL,'fcb91073241b655a0513a813c6220d4088602a92',20),(141,'Giffy','Benfield','Mazha','China',NULL,1,'gbenfield3w@army.mil','2425391099',NULL,'Energy','b45ac885b1a8c815ce1643c5a90393e5ff8f798d',11),(142,'Wyn','Cud',NULL,'Nigeria','140 Homewood Junction',0,'wcud3x@sun.com',NULL,4,'Capital Goods','df9c839c0387a8549476a6f6fac1329f435e1f20',3),(143,'Frazier','Vermer','Chipinge',NULL,'8523 Ruskin Alley',1,'fvermer3y@xing.com',NULL,NULL,'n/a','9239076a292bfdb9a5186e73810ef4ab6d19ae84',9),(144,'Demetrius','Feechum','Katyuzhanka','Ukraine','75 Lindbergh Road',0,'dfeechum3z@ning.com',NULL,5,'n/a','b1acd7a251fa418d05f65752c43447615ef721da',7),(145,'Maggee','McVitie','Fonseca','Colombia','7 Luster Pass',1,'mmcvitie40@ustream.tv','3527004765',NULL,'n/a','43a6010248375ba2001179f0f9e67b5f3a1860ae',17),(146,'Ev','Paxeford','Palikir - National Government Center','Micronesia','93 Blue Bill Park Trail',0,'epaxeford41@hao123.com','1431539102',1,'Finance','88be014e3ee1c3ff8eb8f4048a671e7ed9b6cfd7',14),(147,'Felic','Emnoney','Kotadukuh','Indonesia','71 Susan Pass',1,'femnoney42@wikispaces.com',NULL,NULL,'Transportation','72f09d16923c6f868e3e7e71b3765dd67b2f1a53',4),(148,'Christoph','Vatcher',NULL,'Poland',NULL,0,'cvatcher43@samsung.com','8358674327',NULL,NULL,'138435a11860abbf702daf0cb1e7219468ca0636',13),(149,'Billy','Touzey','Gostivar','Macedonia','62 Sycamore Court',0,'btouzey44@cbsnews.com','4368166147',NULL,'n/a','f02af097bc1e8b5ed8d165fba694e8623abd87ce',10),(150,'Christabella','Axell','Samut Prakan','Thailand','6 Gale Lane',1,'caxell45@meetup.com','6902596274',2,NULL,'fea90bc2ae6a29f96fb96bc368a0dd23fae2d09a',10),(151,'Rosaline','Basil','Luozhou','China','4 Hollow Ridge Hill',0,'rbasil46@nsw.gov.au','4527129274',NULL,NULL,'ae719d324a75e2e8396889b6151c23b33f3cf033',5),(152,'Perle','Waggatt','Rancanyenang','Indonesia',NULL,0,'pwaggatt47@networkadvertising.org','3297192363',4,NULL,'ac942aed4c8ca1e283634341d62c67f560cdd421',4),(153,'La verne','Boak','Volodymyr-VolynsÔÇÖkyy','Ukraine','79754 Sundown Circle',0,'lboak48@merriam-webster.com',NULL,5,'Energy','6a3835142f200910a4273d121eba0beef9213e09',17),(154,'Merl','Keough','Pico da Pedra','Portugal','9 Arapahoe Drive',1,'mkeough49@dot.gov','8411639567',NULL,'Health Care','7850a4a9cd021b5a0f06d92dbe76dda99579cac6',18),(155,'Haleigh','Revelle','Vargem Grande','Brazil',NULL,1,'hrevelle4a@ca.gov','6491042978',3,'Health Care','554609a72298a69e2b65518c20def870fcb7ef9a',1),(156,'Adore','St Pierre','Atescatempa','Guatemala','5 Morrow Lane',1,'astpierre4b@weibo.com','8197586002',3,NULL,'cfaf6a7b68fc06b579ada6b8584f9516d0973e25',9),(157,'Olwen','Buck','Kinna',NULL,'7133 Dryden Terrace',0,'obuck4c@weebly.com','6773425230',NULL,'n/a','1dc747dee69e446d676f6abc5d2eab68289cc41a',16),(158,'Loni','Bramhall','Kut Chum',NULL,'1 Rieder Avenue',1,'lbramhall4d@squarespace.com','6104078004',NULL,NULL,'b53413ac7f8c16ba293803f906f63066886bab89',10),(159,'Ara','Battram','Ecker├Â',NULL,'36242 Autumn Leaf Park',1,'abattram4e@newsvine.com','5969597789',5,'Finance','1604f8aedd2de882de932dc83c30bb1df63fa482',20),(160,'Cherey','Petigrew','Saint-Quentin-Fallavier','France',NULL,1,'cpetigrew4f@google.nl',NULL,4,NULL,'57e4eb08c76594b90a5455d30a1e63fda38bb87f',6),(161,'Kayne','Caisley','Xianghe','China',NULL,1,'kcaisley4g@bravesites.com','5178187857',1,NULL,'0c0d2b162f7dc0131c593c9f3ac0c8dff9f164b2',16),(162,'Nomi','Duck','Pontes e Lacerda','Brazil','80426 Gerald Drive',1,'nduck4h@state.gov',NULL,NULL,NULL,'455cb2c078ccefa43ce226baed6e87e22aa27e4e',5),(163,'Buddie','Vanyutin','Changxuanling','China','080 Lindbergh Parkway',0,'bvanyutin4i@wsj.com',NULL,4,'n/a','d193590dc88b5428876734c37fa224e92ae80287',3),(164,'Izak','Harder','Karangtengah Lor','Indonesia',NULL,0,'iharder4j@soup.io','4468242906',3,'Finance','b1838b5b431aeceadd733d2bf678b3a9f048bf43',4),(165,'Jeannette','Matovic',NULL,'Peru','87 Springview Way',0,'jmatovic4k@archive.org','8923002306',5,'Consumer Services','a2ff9acd536995567a57a283ea34321e1f53ca89',17),(166,'Christalle','O\'Heaney','Cemplang','Indonesia','04 Sachtjen Junction',1,'coheaney4l@shop-pro.jp',NULL,1,'Health Care','1674f33c7229be24daf640848e488d329e3165e2',3),(167,'Charlotta','Zanini','Tingzhou','China','11627 Stone Corner Pass',0,'czanini4m@princeton.edu','8088639285',NULL,NULL,'50df2e4243989d832bd160a0e9c498c25375fb2d',20),(168,'Daveta','Moatt','Shanhou',NULL,'939 Susan Drive',0,'dmoatt4n@godaddy.com',NULL,4,'Finance','0f3dcbbd10227550efd8c34e1a2a2945af62790e',2),(169,'Coletta','Pellington','Santa Ignacia',NULL,'93 Darwin Trail',1,'cpellington4o@xing.com','7185653463',4,'Consumer Services','8d50a7298336a80c7ea52b27bdad44a9f2505c70',7),(170,'Benn','Zorzenoni','Miguel Hidalgo','Mexico','00 Delladonna Center',0,'bzorzenoni4p@usa.gov','2097026739',NULL,'Transportation','65e467de1b1013912b8cd95c3fe746b78359b208',8),(171,'Amelina','O\' Reagan',NULL,'Yemen','60185 Lerdahl Center',0,'aoreagan4q@photobucket.com','7598018810',NULL,'n/a','0c570538ca2675fd525a3de44660df28e1bf10f2',13),(172,'Louie','Speares','Broska','Ukraine','9192 Shasta Road',1,'lspeares4r@xinhuanet.com',NULL,NULL,'Technology','592ebbc89b3f2e228a49fdcc3674f0999e2754e1',3),(173,'Paulina','Davidov','Metz','France','10 Esker Road',0,'pdavidov4s@icq.com','7704413958',4,'n/a','a706229a674b5dd8ded8a4d56e0d25bfda90fa20',19),(174,'Rossy','Theaker','Pelem','Indonesia','201 Manufacturers Junction',1,'rtheaker4t@goo.gl','9965925197',1,NULL,'1676794c5d05f392c54a60a36b782f12a8425eb2',17),(175,'Mellie','Portugal','Ciudad Choluteca','Honduras','88780 Ridgeview Terrace',1,'mportugal4u@nifty.com','6721979494',5,NULL,'b4fb1fb065532f563261814c3bfd093360d6b2ba',7),(176,'Thornton','McMurray','Alcoy','Philippines',NULL,0,'tmcmurray4v@tuttocitta.it','6091909562',NULL,'n/a','22daae0d6d2cb11d542feda9e5f96ba428001b1a',4),(177,'Tamiko','Caffrey','Ar─ük','Iran',NULL,0,'tcaffrey4w@zdnet.com',NULL,4,NULL,'36180c392f0c480175883ee1774b12c815e561f0',15),(178,'Alex','MacKimm','Danjiangkou','China','3 Waubesa Court',0,'amackimm4x@people.com.cn','4865648392',NULL,'Finance','30c07dcf89d8e5c49de0d56a65a2903939626dd3',18),(179,'Roda','Gudyer',NULL,'Thailand','81 Haas Center',0,'rgudyer4y@kickstarter.com',NULL,2,'Capital Goods','cffd5132140501bfc3fc3ece515591f7abe98d8e',8),(180,'Gerry','Tchir','Devitsa','Russia','113 Merchant Road',1,'gtchir4z@deviantart.com','9386410852',1,NULL,'7caf56417382261aee9538408599f789ff481128',15),(181,'Jorie','MacTrustey','Cangqian','China','5965 Granby Court',1,'jmactrustey50@yale.edu','7867180897',3,'Consumer Durables','cb44866b805d5acd6c88a25cd6f54f5bfebbe0f0',6),(182,'Channa','Coaker',NULL,'Iran','85 Mosinee Lane',0,'ccoaker51@google.nl','8278756791',4,NULL,'5e11482bcdb71aacd7cdd5319ef17454f1d5d796',15),(183,'Harriott','Van T\'Hoog','General Enrique Godoy','Argentina','6791 Shelley Hill',0,'hvanthoog52@deviantart.com',NULL,3,'n/a','beb64f5344bca1a97e56090a1990126bb8543fd3',14),(184,'Berrie','O\'Regan','Ditsaan','Philippines','34789 Moose Parkway',1,'boregan53@wisc.edu',NULL,NULL,'Energy','f804e0cec509b1ebbd0af05ded06c8868570cc12',18),(185,'Rosalind','Gentzsch','Martanesh','Albania','525 Dapin Drive',1,'rgentzsch54@mayoclinic.com','9942285124',3,'n/a','f39574b3637879fb461ce397c1de332489d3775f',18),(186,'Ingeberg','De Hooch','San Antonio','Philippines',NULL,1,'idehooch55@acquirethisname.com',NULL,5,NULL,'ce6f7fcbe3b26d00116514ba8c2b3e76e0200c42',1),(187,'Mikel','Passie','Al Jubayhah','Jordan',NULL,1,'mpassie56@wikia.com','1611612089',2,'Capital Goods','625e63532b6489c2e36f98861f3d92946c2629dc',7),(188,'Rustie','Alsina','Canavieiras','Brazil','1941 Clemons Circle',1,'ralsina57@multiply.com','7936382702',2,'Finance','edb88dcf66417c06e0ae0efc9ee5c6ca2d529109',11),(189,'Sashenka','Challes','Kepoh','Indonesia','09 East Way',0,'schalles58@smugmug.com','5061511163',NULL,'Finance','48d58e515433f71c169d549f7ee3c392ec31121c',1),(190,'Jesus','MacGorman','Pasar Kulon','Indonesia','4 Farmco Drive',0,'jmacgorman59@opensource.org',NULL,2,'n/a','ec1c9feef25282968c44a515640ea4f1d7bd543a',13),(191,'Denise','Pendred','Niquinohomo','Nicaragua','0699 Hollow Ridge Crossing',1,'dpendred5a@phpbb.com',NULL,5,'Health Care','4c24a28749fe94703d00ff31fb3365eea7e15ebf',9),(192,'Matilde','Mordon','Daduo','China','23593 Elgar Junction',0,'mmordon5b@drupal.org',NULL,NULL,'Basic Industries','9c92574e79bf79a9f93ca12e9b0fed3c52fb73b8',6),(193,'Sam','Segges','Heqiao','China','83 Troy Pass',1,'ssegges5c@shareasale.com','6614884955',NULL,'Finance','fe7b87f7e8420572cfc31cb8ac33c5081bccad21',17),(194,'Gabi','Hurford','Saint-Nazaire',NULL,'3 Dennis Avenue',0,'ghurford5d@xrea.com','3158629922',NULL,'Consumer Services','360a00451724e8b7bd23e5d27e5c74f82dd418ce',11),(195,'Esmaria','Allix','Dangshun','China','5 Saint Paul Road',0,'eallix5e@google.es','1798797949',3,'Consumer Services','9ed74cffa0576b23531ae9bcef0078353ad576f6',7),(196,'Jaquenette','Burkhill','Jenamas',NULL,'1 Clarendon Crossing',1,'jburkhill5f@pcworld.com',NULL,NULL,'Public Utilities','c4a3bb581815a8f9abe8b205a638a1decc204091',5),(197,'Ranee','Bartholomaus','San Luis','Philippines','522 Sutherland Avenue',0,'rbartholomaus5g@godaddy.com',NULL,1,'Consumer Services','b08129cf46972d940187ebdaec71a43e00015dc7',11),(198,'Vachel','Dulanty','Calabaca','Philippines','050 Mallory Trail',1,'vdulanty5h@unc.edu','7078839997',3,NULL,'714aa15a6867b528f607ceb5f8d428fb86e966fc',18),(199,'Flint','Cabrer','Huanchaco','Peru','62464 Delladonna Place',0,'fcabrer5i@imageshack.us','8692517235',4,NULL,'2c827a7fbd7d7addea760a16b47c08a3c55df9c1',3),(200,'Frederico','Basant','Stavanger','Norway','19 Blue Bill Park Avenue',1,'fbasant5j@wp.com',NULL,2,'n/a','fe6155f9d0dd9c42c12bbccbbabdfa2279b16911',17),(201,'Thibaud','Haney',NULL,'China','47285 Anderson Park',0,'thaney5k@cbsnews.com',NULL,NULL,NULL,'a43324220f23ac8fb267c24b1e06cb5ca810645f',8),(202,'Kiel','Dagless','Xinjie',NULL,NULL,1,'kdagless5l@prlog.org','5301793119',NULL,'n/a','28da58d0b330d9935e5cee983a5e9de482be9d87',19),(203,'Stafani','Hardage','Dongji','China','2683 Dwight Road',0,'shardage5m@hc360.com',NULL,3,NULL,'d0a6f4fa01efa314ae7fb61aacc1f10a5bac806f',7),(204,'Corabel','Giffkins',NULL,'Australia',NULL,0,'cgiffkins5n@mapquest.com','4567507987',3,'Consumer Services','31a42e50da47dc4e0fd30494cd410a5c7c5b59a1',10),(205,'Johnette','Courtman','Loa Janan','Indonesia','1939 Di Loreto Crossing',1,'jcourtman5o@salon.com',NULL,NULL,'Consumer Non-Durables','767400d8ddf79f4d66234fe20bb5c828185a721e',8),(206,'Gretal','Sweetenham',NULL,'Finland','9 Acker Street',1,'gsweetenham5p@blinklist.com','8353981610',NULL,NULL,'bdb4d19a51d8086ba8757c24626aad84cf0a866d',9),(207,'Kirstin','Comelini','Abuochiche','Nigeria',NULL,0,'kcomelini5q@bbc.co.uk','7283417627',NULL,NULL,'284f5af232d8dca8ac49c6293de729b432e2501f',11),(208,'Josefina','Rushford','Pecatu','Indonesia','18 Anniversary Junction',0,'jrushford5r@cnn.com',NULL,2,NULL,'b2d26fc47f28943f7d3f6a91b71f24f8158a20db',13),(209,'Diannne','Haslum','Santa Catarina Ixtahuac├ín','Guatemala','309 Springview Road',0,'dhaslum5s@samsung.com',NULL,4,'Energy','0b03f8aac3dd6a4b6a239e565aaa09b7a8f3a75e',3),(210,'Basil','Jeandel',NULL,NULL,'69 Dovetail Junction',0,'bjeandel5t@nytimes.com','2938575665',3,'Consumer Services','7da9b47df8c06f320afe2f6ef3adcd8e5d05510a',16),(211,'Dasie','Franc','Hongsi','China','28 Fuller Park',0,'dfranc5u@redcross.org','4122788845',NULL,'n/a','da4de7adadcd0b814148d069fd20a8398538265f',6),(212,'Broderick','Paddock','Puerto Maldonado','Peru','438 Welch Drive',0,'bpaddock5v@people.com.cn','5238122248',3,'n/a','341ce84aacb1c2c75d4dff7e7ffc8e89597f5dcb',7),(213,'Jenny','Diprose','Ry┼½┼ì','Japan','70802 Hoffman Crossing',1,'jdiprose5w@pcworld.com','1308535620',NULL,'Finance','82a8a8e803b830313415a07b13058e514a20f963',13),(214,'Stephanus','Headingham','Nobo','Indonesia','1 Buena Vista Street',1,'sheadingham5x@homestead.com','5606773919',3,NULL,'97bc4128d8c852446db9b132798805163abbe47d',20),(215,'Buck','Welldrake','Warmare',NULL,'18853 Emmet Street',0,'bwelldrake5y@dion.ne.jp','7844472283',4,NULL,'20ab2eb63a047bed8a5098481f26b2f65f25f4da',6),(216,'Carolus','Leatherbarrow','Lushnj├½','Albania','526 Lien Avenue',0,'cleatherbarrow5z@theguardian.com',NULL,1,NULL,'ce17116abde23a0e34ca61fe5439970bef358204',10),(217,'Elissa','Fullalove','Megion','Russia','801 Golf Park',0,'efullalove60@cornell.edu',NULL,4,'n/a','91fb8e502db78dfbcc52c4552c4a59d4b2109c0e',16),(218,'Cecilio','Hansley','Akita',NULL,'6249 Monica Point',0,'chansley61@examiner.com',NULL,2,'Capital Goods','0ca2642a02206e0b09e2b6e4b6be56b97a6d0d3f',15),(219,'Artemas','Campey','WakduwaÔÇÖ Barat','Indonesia',NULL,0,'acampey62@purevolume.com','8028303347',4,NULL,'dac0c401b1c1d29a6140491947683dbbe7c9cf4d',10),(220,'Donn','Warrick','─Çz─üdshahr','Iran','60392 Linden Road',1,'dwarrick63@archive.org','2016338772',2,NULL,'0477c5c1a42aa2f18698af4cc1e30cf5b6e383fd',9),(221,'Boote','Alenikov','Ju├ázeirinho',NULL,NULL,0,'balenikov64@infoseek.co.jp',NULL,2,NULL,'ca2a80d5e7dd202bf257352222d6902dd7780f60',1),(222,'Damiano','McCaffery','Garwolin','Poland','6963 Rockefeller Junction',0,'dmccaffery65@toplist.cz',NULL,4,NULL,'373e74748305b4847b3bee6da80a7db4cecdb3cc',2),(223,'Janette','Trevallion','Harrismith',NULL,'8 Algoma Crossing',1,'jtrevallion66@google.cn','1442787420',5,'Basic Industries','6f4a387fd7e81770ac49ab4a573129976212b944',6),(224,'Alyce','Iorns','Samut Sakhon',NULL,'436 School Center',0,'aiorns67@e-recht24.de','2749077769',2,'Technology','c90beff8b0ee1ea32ab655a1b20d0a7ccc8f63e9',9),(225,'Marv','Kinnett',NULL,'Albania','234 Onsgard Way',0,'mkinnett68@bloglovin.com','9534681671',4,'Health Care','ef99bad4ce736b9e2a5a400088949c914f516c4d',13),(226,'Salmon','Collar','Wenfang','China','2 7th Hill',0,'scollar69@sogou.com','3579931896',2,NULL,'02d0aca721b5f445f82f95ff9c3d8f1a7f388362',11),(227,'Millisent','Siss','Lansing','United States','5305 Eagan Crossing',1,'msiss6a@theatlantic.com',NULL,NULL,'Finance','ec1fe78eaaff925595667e8f5c6424d73894dfc9',16),(228,'Dredi','Hallet','Shimen','China','40 Marcy Place',1,'dhallet6b@google.com','2976116358',NULL,NULL,'e477fdc10b2b0f9f87b1fd37718b790b815f31af',13),(229,'Kimball','Loiterton','├Øpsonas','Cyprus','65 Calypso Road',1,'kloiterton6c@xrea.com',NULL,NULL,'n/a','72016feafd985029ae4f9bde1a6290ccbb07464f',15),(230,'Janna','Stone Fewings','Rogowo','Poland','9 Westridge Park',0,'jstonefewings6d@hao123.com','8198263301',NULL,'Health Care','0454d9af5b93e56954bbef5ddea065dfcd34d2c5',3),(231,'Mollie','Benger','Denton','United States','47814 Reinke Terrace',1,'mbenger6e@shutterfly.com','9401031168',5,NULL,'a6cd599c591b490c193759ebd47799056b2f4e9d',12),(232,'Jesus','Arnull','Aix-en-Provence',NULL,'1207 La Follette Parkway',1,'jarnull6f@apache.org','4503158536',3,'Consumer Services','99a276c8c91718c992e2688a40bc69151eb886e4',8),(233,'Joyan','Segebrecht',NULL,'China',NULL,0,'jsegebrecht6g@zimbio.com','2463405902',5,NULL,'7d0959a6b6d7d69b73c6dac18c1cc0f59a6a529b',18),(234,'Fairlie','Vlach','Py┼íely','Czech Republic','8 Forster Pass',0,'fvlach6h@taobao.com','7029112905',4,NULL,'298a3647d7fd92f797d670879ddbca5974564d7b',14),(235,'Dael','Pargeter','Keleng',NULL,'86 Kingsford Place',0,'dpargeter6i@facebook.com',NULL,1,NULL,'15e3e5fe7ea753a183360ed2c616be56db2913d4',11),(236,'Sheila-kathryn','Yeats','Guia','Portugal','81 Rutledge Crossing',0,'syeats6j@stumbleupon.com','7366982245',4,'Health Care','c4c5889852991fb9ddf168a35bdc29fa53c0b2ac',10),(237,'Amabelle','Cristofol','Beigang','China','37941 Straubel Hill',1,'acristofol6k@github.com','5364354879',2,'n/a','2a7f1b7881a45915091abd98d0be4cd5f59ba28a',19),(238,'Sherye','Rippingale','Sukasetia','Indonesia',NULL,1,'srippingale6l@redcross.org','1893734894',NULL,'n/a','579abe7ed6264ba3139c8c65f5bbecb87943be94',2),(239,'Otis','Brouard','Anka',NULL,NULL,1,'obrouard6m@tamu.edu','3481308474',3,'Public Utilities','63c10ad36c49bee9011273ee1fe26e9f95bc2cd7',14),(240,'Parry','Filgate','Wapno',NULL,'97 Lighthouse Bay Hill',0,'pfilgate6n@shareasale.com',NULL,NULL,NULL,'e86d518b21d3578ece610ae9ade5db2e606afc83',12),(241,'Noellyn','Cyples','Kadipaten','Indonesia','3 Riverside Street',1,'ncyples6o@mayoclinic.com',NULL,NULL,'Public Utilities','a6b9c1bd1307ec8cb6789a5375788f6e14f4261a',6),(242,'Joell','Midgley','Geneng','Indonesia','08080 Towne Court',0,'jmidgley6p@sakura.ne.jp','7037214729',1,'Basic Industries','b695d1501c74aa884ff98f72c3fbcba4e77ec537',8),(243,'Bordy','Real',NULL,NULL,'503 Division Pass',1,'breal6q@sun.com',NULL,NULL,NULL,'d53eebacc154a203d801ecf61a929198b46785d7',7),(244,'Ilka','Wickling','H├®roumbili','Comoros',NULL,1,'iwickling6r@miibeian.gov.cn',NULL,3,'Energy','46e5520676dd6247c98974ddd54fa8291abd0e83',2),(245,'Sally','Aylward','Gaoqiao',NULL,NULL,1,'saylward6s@sciencedirect.com',NULL,NULL,NULL,'00281356f02e31e65f84de2726327aaed7e09f05',16),(246,'Fabian','Bagg','Zhanping','China','867 Arkansas Place',0,'fbagg6t@blogger.com','7025042406',5,'Public Utilities','28963aa42d904a06966202a831a14c53378f259b',7),(247,'Talbert','Chastand','Cimara','Indonesia','5489 Dennis Drive',0,'tchastand6u@google.ca','8828424753',3,NULL,'dd117a6b5ed70d03c461ca17a36cfaddabcd8286',5),(248,'Cleon','Reinger','Wangchuanchang','China',NULL,0,'creinger6v@alibaba.com',NULL,1,NULL,'d84e3a80710cab020e8bc0e717d1be0ac4f03daf',8),(249,'Anatollo','Densell','Jam',NULL,'213 Thierer Crossing',0,'adensell6w@i2i.jp','1644209086',NULL,'Finance','1055d5d62d3d8e13f1be2572f7c9562324b968b4',17),(250,'Gerick','Storre','Yuzui','China',NULL,1,'gstorre6x@livejournal.com',NULL,4,'n/a','8e3d634a12ee350622e9ab52443815f7f480b70e',6),(251,'Conni','Powdrell','Maun','Botswana','24540 Montana Place',0,'cpowdrell6y@prlog.org',NULL,NULL,'Public Utilities','1566c11c7176a00053e6906942b07bf3d04cb404',5),(252,'Katie','Hugonet','Hongsihu','China','3477 Hoard Alley',0,'khugonet6z@gravatar.com','4376615803',1,'Health Care','9983e3f1e77e729108731fd5358fa1d5f25e48d6',16),(253,'Cordell','Muccino','Nova Prata','Brazil','22363 Hanson Lane',0,'cmuccino70@gravatar.com','6623642147',1,'Consumer Durables','35431b1ab35caa5df846f71ee7b998658d58af4c',13),(254,'Umberto','Maulin','Jinxiang','China','50 High Crossing Street',0,'umaulin71@4shared.com',NULL,2,NULL,'c744eb0c88f9ea6512e4c9a5c4bd523cdb397c0a',16),(255,'Vina','Norbury','Trinity','Saint Kitts and Nevis','15622 Prairieview Court',0,'vnorbury72@nba.com',NULL,2,'Finance','7a5ed7907b80852fe92091a248a94cf28ca1b22a',5),(256,'Vassily','Rosenbusch','Pindushi','Russia',NULL,0,'vrosenbusch73@ezinearticles.com',NULL,NULL,'n/a','3dd37bae42eb7c766d20052242e854c5ac531d6b',2),(257,'Frasco','Caramuscia','Pulau Pinang','Malaysia',NULL,1,'fcaramuscia74@weather.com',NULL,2,'Consumer Durables','bf886d4b2d9751eb41fbc491fccbc2b108f26068',10),(258,'Bethina','Drane','Pysznica',NULL,'8816 Crownhardt Park',0,'bdrane75@princeton.edu','8284408474',2,'Consumer Services','97164e74df499acae91d1ac2db1c830465d5fd78',7),(259,'Torrey','Garlett','Condado','Brazil','927 Spaight Circle',1,'tgarlett76@parallels.com','7827302152',1,NULL,'bd5341cc117c71c849dd8cca12aa387e9c76153a',18),(260,'Kevon','Martyns','Haolin',NULL,'1 Tennessee Junction',0,'kmartyns77@ucsd.edu',NULL,3,NULL,'7cc11baf37231b91ba6e756ebbfb0b11b36ac594',4),(261,'Maryellen','Jodlkowski','Liulin','China','756 Burning Wood Drive',1,'mjodlkowski78@hao123.com',NULL,1,NULL,'bc2a64677c3f14cb451d2a5cdcdc9ebe5b66968c',20),(262,'Corby','Wilacot','Maying','China','186 Graceland Center',1,'cwilacot79@npr.org','5687560990',NULL,'Consumer Non-Durables','762f89a28d86e241e21b637d1949da413b27e8bf',20),(263,'Bowie','Branno','General Emilio Aguinaldo','Philippines',NULL,1,'bbranno7a@hud.gov','3173558459',NULL,NULL,'61976ebe04aca0383d59f0d1e5c3d4e800cb9975',18),(264,'Kalila','Loges','Patao','Philippines',NULL,0,'kloges7b@typepad.com',NULL,3,'Consumer Services','9893f9b822329a7dec8673460f7ea10295e73f9d',13),(265,'Normand','Heasman','Aliaga','Philippines','0963 Crowley Crossing',1,'nheasman7c@meetup.com','5785977289',5,NULL,'59f94d1b039422ab7f6fb87e8b4c0aecfed23d21',11),(266,'Jesus','Jermey','San Miguel','Mexico','42148 Kennedy Junction',1,'jjermey7d@amazon.co.jp','1012006324',3,'n/a','5a3b1b33d14acb6f3bc285d0c9f76bfd5f037aa1',17),(267,'Kristal','Kielt','Agadez','Niger','29 Shopko Alley',1,'kkielt7e@pagesperso-orange.fr',NULL,4,'n/a','8237c33e7046c43460493b0a6d32e55c9b4f692a',18),(268,'Fabien','Segrott','Manning','Canada','560 Pierstorff Parkway',0,'fsegrott7f@salon.com','7107597929',NULL,'Capital Goods','1e06ac7c2b06fc6457a251bc16e167a58a52db7a',18),(269,'Penny','Brunskill','Rrap├½','Albania','0 Schiller Point',1,'pbrunskill7g@ifeng.com',NULL,1,'n/a','034f8fc23e8434fcd1e0a66727049c5633aef423',18),(270,'Gertrudis','Haresnape','Kagawasan','Philippines','47223 Comanche Point',1,'gharesnape7h@patch.com','4478479766',3,NULL,'f23ced6d7412e09fb4231898cd0e466ee61a37b3',14),(271,'Marcelle','Triggel',NULL,NULL,'378 Service Trail',1,'mtriggel7i@addthis.com','4897772326',4,'Consumer Services','0ca187801a3aae14d92a3ec387bd5329f0ff1154',5),(272,'Currie','Heisham','Santa Cruz','United States','8488 Red Cloud Crossing',0,'cheisham7j@aol.com','8312757289',3,NULL,'b0dd8dd2ce5c3a362b40f40af759e5e94b17b519',2),(273,'Freda','Digweed','Otra Banda',NULL,NULL,1,'fdigweed7k@theatlantic.com','8151000895',NULL,NULL,'14cfefdd23a358a855473e25195dc96de8826988',12),(274,'Jania','Couttes','├àlesund','Norway','6 Clarendon Crossing',1,'jcouttes7l@tinyurl.com','9989568722',4,NULL,'4e2782939e740b0f69bb281c7bcf649753a9a72d',2),(275,'Carita','Road','Korolevo','Ukraine','3 High Crossing Alley',0,'croad7m@discuz.net','3493915690',2,NULL,'c43168c9a444e16d30bcfd018c10b0aa63e9cc63',13),(276,'Noland','Levesque','Cali','Colombia','3813 Dexter Terrace',0,'nlevesque7n@rambler.ru',NULL,3,'n/a','55c0b4d3508dae54af0cd5dd42e1dea380d6dedb',12),(277,'Korie','Roseby','Gujba',NULL,'46 Goodland Park',0,'kroseby7o@nydailynews.com',NULL,3,'n/a','a6abd019f47d328115a24769b4215efb5032537a',11),(278,'Korney','Soule','Sceaux','France','0813 Beilfuss Pass',0,'ksoule7p@multiply.com','3085665333',5,'Health Care','e99ce279275337ffa5e1e510d1c543103c6ebbf9',3),(279,'Kendall','Harfoot','Aleg','Mauritania',NULL,1,'kharfoot7q@vinaora.com',NULL,NULL,NULL,'84b8cc6ded08cc95e9cd0216a5dd9107ec079a34',15),(280,'Ketti','Loadsman','San Antonio','United States','20 Hollow Ridge Way',0,'kloadsman7r@usatoday.com','2103851811',3,'Capital Goods','2d74e73153fd48760c15ae9176e6fe5ee5805e7d',7),(281,'Leticia','Larmet','Breves','Brazil','38 Old Gate Street',1,'llarmet7s@un.org','9835385588',NULL,NULL,'0c234dbea2ede629a75ec58211eb0590ea4837ba',19),(282,'Nydia','Titterton','Itaitinga','Brazil',NULL,1,'ntitterton7t@dell.com','6709310714',5,'Public Utilities','60b5ed395e04a15b07ee8f6cfa184e130e0a8d56',13),(283,'Angie','Barock','Donglu','China','6 Eastlawn Hill',1,'abarock7u@nydailynews.com',NULL,5,'Finance','71f2d0d087f51318b06f7abf954adfa5e4739393',18),(284,'Kali','Polgreen','Pita','Guinea','04363 Dennis Circle',1,'kpolgreen7v@gov.uk','5323483792',5,'Capital Goods','6af73612b5a701861bddf75a05cddf32249fd1a7',10),(285,'Ilsa','Corballis','R├¡ohacha','Colombia','52427 Elmside Parkway',1,'icorballis7w@csmonitor.com','3625271733',1,NULL,'8d2b9ad3eee0c55a1838a87d9bb6efe227e31f06',9),(286,'Vannie','Perring','Wakema','Myanmar','2607 Main Center',0,'vperring7x@umich.edu','6681820982',1,'Health Care','2222958b4576758edf316eda97681312c46eccf3',11),(287,'Ciro','Walliker','┼╗abieniec','Poland','568 Cody Terrace',0,'cwalliker7y@angelfire.com','4194282707',5,'Finance','a08fb1f08f5d6e98713260dbaff52d8b9fcf829a',15),(288,'Trudy','Barus','Zboriv','Ukraine','08612 2nd Center',1,'tbarus7z@a8.net',NULL,2,NULL,'34e7f0e4e4fd30334a3d6480104582a4d9972126',14),(289,'Jolene','Plunkett','Donja Brela','Croatia','1789 Rusk Junction',1,'jplunkett80@gravatar.com','6882511833',3,'Consumer Services','6e95bf8164882685aa77ba2600a96127fe9a26d7',10),(290,'Hannie','Pionter','Krinichnaya',NULL,'23621 Shelley Park',0,'hpionter81@blogger.com',NULL,1,'Consumer Services','77cf34e48ec78460435ae9958f94c89fdc0a1c02',1),(291,'Herb','Normanell','Jefferson City',NULL,'1627 Kedzie Drive',0,'hnormanell82@hubpages.com','5733866625',4,'Finance','b092818d48a548d53274ac880c5983205df2fd53',11),(292,'Perry','Pires','Petrodvorets','Russia','60997 Glacier Hill Point',1,'ppires83@free.fr','5312925162',3,'Technology','e5e4d1da743dc2004fceada3d540a06b547cf98d',2),(293,'Emma','Pitcaithley',NULL,'Sri Lanka',NULL,1,'epitcaithley84@amazon.co.uk','5181234903',NULL,'Technology','cf38c3f8d1bb572043d383deca45d6094ee63290',11),(294,'Ranna','Peek','Shengci','China','94514 Caliangt Alley',1,'rpeek85@creativecommons.org','6742905040',1,NULL,'e52be8db74df41ef3dea7a23b08f226fb41e67dc',19),(295,'Ashely','Tollady','Fredericton','Canada','90876 Steensland Parkway',1,'atollady86@phpbb.com','9597718581',5,'Technology','a32ea084a9d07b5419832385a937c27f99b10086',20),(296,'Geraldine','Davall','Boketu','China','982 Sherman Place',1,'gdavall87@latimes.com',NULL,5,NULL,'a67a19d237ac044d7d2ad8aa21f10dfb46259afa',11),(297,'Osgood','Parman','Laguna de Perlas','Nicaragua','31 International Terrace',0,'oparman88@nature.com','1063473421',1,NULL,'478f0ebca7dcf4e96989c26cd6f999703c201b88',1),(298,'Wyatan','Saenz','Jatinagara','Indonesia','5 Goodland Park',0,'wsaenz89@reddit.com','8782540233',2,'n/a','21ed46ada8c5243bd3b6a2cd73369b3c8c261ebf',17),(299,'Kay','Crews','Shuangzhong','China','4847 Upham Terrace',0,'kcrews8a@archive.org','9035662223',3,NULL,'1a74f2f17a6664cf3c716449afb902c3cfee4c39',13),(300,'Yolane','Hayles','Sigli',NULL,NULL,0,'yhayles8b@godaddy.com','1727849009',NULL,NULL,'e3c8452d12c7b66957ecd02be2b603226ae1d90a',20),(301,'Gonzales','Vinnicombe','Drochia','Moldova','7798 Mcbride Center',0,'gvinnicombe8c@360.cn','1064061043',5,'Capital Goods','189f4f41948b576bb0d58e579ef94e6f5dcab786',16),(302,'Dyanne','Corke','Delmas','South Africa','7 Grim Alley',0,'dcorke8d@ow.ly','2113373902',2,'Finance','986146a62f93520544705bb841e05f0a089d1b03',19),(303,'Geraldine','Pennicott','Yutan','China','93487 Bonner Parkway',0,'gpennicott8e@guardian.co.uk',NULL,5,'Finance','639d63d6fc25365375a1fecf8ade6e09942f50fc',13),(304,'Rogerio','Avrahamian','Qui├▒ota','Peru','62436 Sutherland Street',1,'ravrahamian8f@google.de','4214514430',NULL,NULL,'3d67613fc52b3171be2c98cd9fe6f358487a4f15',9),(305,'Kessiah','Igglesden','Arroyo Seco','Argentina','02850 Grayhawk Hill',0,'kigglesden8g@1und1.de','3547368370',NULL,NULL,'4decd04f8448d7698ab0ead46270e717ea2511e7',19),(306,'Baudoin','Mourbey','El Olivar','Honduras','1381 Kinsman Place',1,'bmourbey8h@weibo.com','6664990749',3,'Consumer Services','dd125e3e9faaac792a10be6206372ccd6b5d06a0',20),(307,'Pepe','Carl','Mend─½','Ethiopia','1228 Bultman Point',0,'pcarl8i@cloudflare.com','1757467765',NULL,NULL,'649766a2a6f9c9f9d2dc278a29cfe1201f804cb8',12),(308,'Mauricio','Bleasdale','Kigoma','Tanzania',NULL,1,'mbleasdale8j@globo.com','6252624608',2,'Consumer Services','1c159b50a286ce904fa170f41c8aea9ebed16c56',10),(309,'Dalia','Pancast',NULL,'Indonesia','386 Karstens Road',0,'dpancast8k@abc.net.au','9492757027',4,'Consumer Non-Durables','a2356986339295c6b4240a2ee25ad59742d92864',2),(310,'Washington','Gallihaulk','Shinao','China','67459 Bayside Drive',1,'wgallihaulk8l@comcast.net','5558264768',NULL,'Consumer Services','efcc419ab038b0117567b3d895add3ceae92cc25',20),(311,'Glynda','Beaby',NULL,'Portugal','35 Elka Center',1,'gbeaby8m@cbc.ca','3562514448',NULL,'Energy','d2ec005b7505dfe93cf35bd04bf54f1031b1f3ef',18),(312,'Clementina','Mitkov','Gorichevo','Bulgaria',NULL,1,'cmitkov8n@newyorker.com',NULL,NULL,'Health Care','40a73cd4502146605b2367b8e1b59885da1d1ba5',2),(313,'Esra','D\'Agostini','Sangari','Indonesia',NULL,0,'edagostini8o@i2i.jp','1488139045',2,'Energy','7248dd2f11ba85c40d0c76912ad86c944a85b5b0',18),(314,'Lorain','Nathan','Meiqi','China',NULL,1,'lnathan8p@ask.com','8301522837',1,'Consumer Services','8b615c2ea1a6953029bc7a645718c5a871331a8c',19),(315,'Sherline','Montacute','San Francisco','Mexico','04 Cascade Road',0,'smontacute8q@geocities.jp','9433975553',1,'Health Care','15be433a6deb306366930edde6ecffce661f5cd2',10),(316,'Zacharie','Munnis','Morohong┼ì','Japan','541 Bobwhite Center',0,'zmunnis8r@soup.io','3096261186',4,'n/a','de9d3ff9e43d8ede3fa2fa6c1a3942b853280a68',10),(317,'Rakel','Croom','Alor Setar','Malaysia','5 Bellgrove Lane',1,'rcroom8s@who.int','8443051221',NULL,'Health Care','81fe5e8751b3b61d308fc24db3595820fe9ce20c',4),(318,'Hercule','Humm',NULL,'Nepal','9829 Elmside Avenue',0,'hhumm8t@latimes.com',NULL,2,NULL,'0a18a27e8b3cd17ecbca321fd213aee7e9f7bc66',14),(319,'Hedvige','Marden','Hongqi Yingzi','China','5 Sherman Pass',0,'hmarden8u@oaic.gov.au','3521673319',4,'Consumer Services','d97c0f1b5e3bce999a64e682dd2cced299af4f34',18),(320,'Blakelee','Ludlamme','Mattawa','Canada',NULL,0,'bludlamme8v@goodreads.com',NULL,1,'n/a','6af1a28055053db0a0eec253da81e522341decce',15),(321,'Heywood','Marjoribanks','Stockholm','Sweden','13674 Di Loreto Lane',1,'hmarjoribanks8w@t-online.de','7277685667',4,NULL,'99b3c754d76ba54bef699544fcd312c95a2218c8',9),(322,'Sibyl','Radki','Borovany','Czech Republic',NULL,0,'sradki8x@apple.com','3338484008',5,'n/a','3f2979009b908801d4f9fc8942c625d323af3028',8),(323,'Abram','McNickle',NULL,'Costa Rica',NULL,1,'amcnickle8y@mediafire.com','4679930815',4,'Technology','79993c6b8e4144e358730605432c69433601acad',3),(324,'Nate','Reims',NULL,'Indonesia','23 Saint Paul Hill',0,'nreims8z@reuters.com','8121641311',2,'Technology','c8b801877415f7129576d5277fd83a946aa542a4',8),(325,'Gaby','Waleran','Des Moines',NULL,NULL,1,'gwaleran90@soundcloud.com','5153439971',2,'Energy','e955c833305d34d77bed419a6f9dadac4732135b',12),(326,'Janean','Simoes','Buynaksk','Russia','773 Arapahoe Place',1,'jsimoes91@hp.com','7538385726',1,'Health Care','e0b1bbc783136a4a2929d7dcbac0453def78d87c',19),(327,'Hube','Angeli',NULL,NULL,'0793 7th Alley',1,'hangeli92@dailymail.co.uk','4042899961',NULL,NULL,'1ec7f3f76320a691a57aa58c93fb06ef0166aa7f',6),(328,'Tiffanie','Melbourn','Plumtree','Zimbabwe','23424 Westend Center',1,'tmelbourn93@xinhuanet.com',NULL,NULL,'Consumer Services','fd0057df8dc1ea0a0412a497e99775a6e85eb203',4),(329,'Frances','Owlner',NULL,'Portugal','81580 Dovetail Lane',1,'fowlner94@howstuffworks.com','2415944468',NULL,'n/a','593f152c180128d244b4008a04c30ceb3e0b1748',9),(330,'Marchall','Chivers','Sanmiaoqian','China','191 Jenifer Crossing',1,'mchivers95@ox.ac.uk','5866675914',1,NULL,'370a5e67abea0674d9bfb90309311abf526b0e07',5),(331,'Prent','Fackrell','As S─ülim─½yah','Kuwait','0 Pierstorff Plaza',1,'pfackrell96@intel.com',NULL,5,'n/a','11b435e7026e4da0726e7dae8a04130b8b19cdad',7),(332,'Humfrey','Brasener','Ballymun','Ireland','3464 Maywood Avenue',0,'hbrasener97@clickbank.net','2555262808',2,'Consumer Services','c329ec5d21291dce736d9738d4eae15573ab32db',14),(333,'Jerad','MacCallum','Bell Ville','Argentina','6230 Toban Lane',0,'jmaccallum98@yolasite.com','4904073134',NULL,'Consumer Services','9979a0778338179ef105f6a3e0cc1a93dece788a',17),(334,'Ignatius','Senn','Yayao',NULL,NULL,1,'isenn99@wsj.com','3513617846',NULL,NULL,'c7af57f334475425ebc9f0fca734ea81244640d4',1),(335,'Francesca','Hadrill','Palaiseau','France','68 Summerview Circle',0,'fhadrill9a@samsung.com','3925549951',4,'Finance','d27ca462ffa2f9f8af224f8474bbf12f76433193',11),(336,'Leonard','Cavozzi','Colonias Unidas','Argentina','3 East Place',1,'lcavozzi9b@ovh.net','3397202176',3,NULL,'a162b11adff1b7a4e1b5a03a9a8abb5fe697810b',1),(337,'Colet','Screeton','Wang Muang','Thailand','15 Clarendon Drive',0,'cscreeton9c@reddit.com',NULL,NULL,NULL,'1a4e5c40233a7f2c98cde379f1c60fdcfe1a5031',7),(338,'Mortimer','Adshede','Houston','United States','9 Redwing Point',1,'madshede9d@bbb.org','7138538517',1,'Technology','796b150813e06022b9d2395c757722bc2004d397',1),(339,'Lyndsey','Bennough','Tilburg','Netherlands','74206 Roth Place',1,'lbennough9e@walmart.com',NULL,3,'Consumer Durables','8ad8a02cbe288b8ee3f9947888ddefbd823d4dbe',12),(340,'Carney','Murrow','Huating','China','66 Lakewood Gardens Crossing',1,'cmurrow9f@reverbnation.com','8579365682',NULL,NULL,'65b6eff87aa05bb20cd1b7a7f29f6a8871737f20',8),(341,'Katrine','Nuth','Weso┼éa',NULL,'02459 Declaration Plaza',1,'knuth9g@dell.com','8725083688',NULL,NULL,'488c62775679e8f966599df259f7ec14d4292539',13),(342,'Launce','Yepiskov','Qingquan','China','74 Ronald Regan Trail',0,'lyepiskov9h@gmpg.org',NULL,4,'Energy','07957d69868b6b8e7947674f3d6ff8528e84f37b',8),(343,'Gray','Kahan','Marku┼íica','Croatia','9893 Pepper Wood Trail',1,'gkahan9i@huffingtonpost.com',NULL,3,NULL,'b895fe51b5393bef340a18e828f0a4f355bf8f5f',16),(344,'Kimble','Loyndon','Chengjiao Chengguanzhen','China','6623 Stone Corner Terrace',1,'kloyndon9j@cloudflare.com','5962901975',1,'Finance','fc539d6ec1ee2a0d57db8739e59d4d7185c6776b',18),(345,'Dari','Kalkhoven','Marogong','Philippines','85 Nelson Park',1,'dkalkhoven9k@merriam-webster.com',NULL,2,'n/a','6a2fcf7f1f7302f171490714d63872b99943db5e',20),(346,'Delcina','Beauly',NULL,'China','356 Toban Drive',0,'dbeauly9l@opensource.org','6625151075',3,'Energy','6d2d61341926b1b5aae3b6ccaf17aa3089afcec5',3),(347,'Halsy','Fothergill','Shatoujiao','China','310 Arizona Plaza',1,'hfothergill9m@oaic.gov.au',NULL,5,'Consumer Services','d4151f6ad183555b45060651ac7150c6ecf4271e',7),(348,'Dionis','Laycock',NULL,'Mauritius','731 Prairie Rose Circle',1,'dlaycock9n@taobao.com',NULL,2,'Consumer Services','057fbf26535662fd97f87ab592aa86280b39640b',4),(349,'Menard','Daventry',NULL,'Portugal','129 Quincy Lane',1,'mdaventry9o@dion.ne.jp',NULL,NULL,NULL,'2662e0e1e48df201dc247b572a49961f7ab07287',1),(350,'Jeanine','Brett','─îervenka','Czech Republic',NULL,0,'jbrett9p@nhs.uk','2235490933',NULL,'Consumer Services','844ae76bf3c154a355bb504f04a1bec804d396cf',17),(351,'Fulvia','Shrawley','Novi Karlovci','Serbia','97 Sherman Circle',0,'fshrawley9q@ezinearticles.com','8602375122',5,'Finance','ef48e263f233a1071c0350f78abdcd032d4892a3',18),(352,'Leann','Dohmann','Xingtai','China','998 American Ash Alley',0,'ldohmann9r@google.es',NULL,2,NULL,'649c787c6be2e487347954697d87cf10e742f3d3',8),(353,'Anatole','Kempshall','Ban Pong','Thailand','63662 Thompson Street',0,'akempshall9s@blinklist.com','2363178789',2,NULL,'fe69cc2dac69b339a92b2143abe2e8be4de561df',11),(354,'Kizzee','Jorgensen','Dukay','Philippines','544 Mariners Cove Hill',0,'kjorgensen9t@last.fm','4362481079',4,NULL,'6a7880429221533d8f13319e724e3b8abd37c8a9',14),(355,'Bjorn','Cloke',NULL,'Ukraine','86 Caliangt Point',0,'bcloke9u@shareasale.com','7765985191',2,NULL,'c17f038835483e8c9151fe5bc7266554305c16e0',9),(356,'Kay','Soame','Sassandra','Ivory Coast','5 Hollow Ridge Court',0,'ksoame9v@jimdo.com','7417194002',1,'Finance','c9e7dbc9fd563cbb232fc235dd89489ae651d486',12),(357,'Amos','Welman','Berea',NULL,NULL,0,'awelman9w@google.it','5512190209',4,NULL,'e03a77c81b2d827cb2fcdc230fe3e00a9e382ace',13),(358,'Inglebert','Fear',NULL,'China','972 Chive Court',1,'ifear9x@home.pl','4238405652',4,'Health Care','094946f8dbba5cae262f3092fc0ea159e676d6db',11),(359,'Francyne','Stuehmeyer',NULL,'Malawi','07711 Waywood Court',1,'fstuehmeyer9y@uiuc.edu','6217771377',3,'Finance','c26e08334fa14b55013eacad6ecaa83f20ac9a93',15),(360,'Laurie','Hutcheson','Albanel','Canada',NULL,1,'lhutcheson9z@cbslocal.com',NULL,3,'Capital Goods','db90ca4825ced8e1db4288457e95799ade945fe7',20),(361,'Silvan','de Clerk','Obikiik','Tajikistan',NULL,1,'sdeclerka0@aol.com','9498471892',5,'Transportation','4af9fe66be78bb0f44a25d3da14b09994ab45449',12),(362,'Hy','Fawltey','T├ñby','Sweden','98 Melody Lane',0,'hfawlteya1@naver.com',NULL,4,NULL,'c6831432c41a0c34159eaed895bd71b028ba2cd4',12),(363,'Hayley','Norwich','Cola','China','165 Vahlen Road',1,'hnorwicha2@woothemes.com','1516130592',2,'Public Utilities','883d0b5d7afc5b71730721d7db22044e03c4a4be',14),(364,'Clemmie','Trubshaw','Kotablolong','Indonesia','8 Warner Avenue',1,'ctrubshawa3@reuters.com','7286735520',NULL,NULL,'a4d8e062ebf28baeae1b5aab2907b84947c3f801',12),(365,'Riley','Cleere','Bukid','Philippines','87965 Rutledge Junction',0,'rcleerea4@people.com.cn','4519712985',NULL,'Energy','eb12fb4874a949985ad097acc65c588fd962feeb',8),(366,'Rhodia','Zamora','Zalishchyky',NULL,'16 Forest Alley',0,'rzamoraa5@mayoclinic.com',NULL,NULL,'Technology','db15f801dd51d177129ad34fe1ec5e51f75cf518',3),(367,'Gonzales','Lethlay','Rattanawapi',NULL,'771 Swallow Pass',0,'glethlaya6@yandex.ru','6784681168',3,NULL,'1ae31f4d296ded60c4f14f71d8b50b143e570908',12),(368,'Nari','Cary','Adelaide Mail Centre','Australia','3813 Rieder Terrace',0,'ncarya7@amazonaws.com','8773021479',4,'Energy','6fe5869d1d3b6e3b1aab160a2209852d363ad3ec',13),(369,'Filmore','Cosbee','Zhongcheng','China','9980 Cherokee Point',0,'fcosbeea8@hostgator.com',NULL,5,'Technology','4ef0d1289c1bb3ff6ede4eef2f119a904cf94cd9',12),(370,'Aretha','Picardo','YongÔÇÖan','China',NULL,1,'apicardoa9@hubpages.com','3364219166',3,'Health Care','a3dc71f7000d9c7d8be05320e6a4127c355e31c3',15),(371,'Gena','Mann','Usatove',NULL,'17055 Orin Place',0,'gmannaa@prnewswire.com','7339852111',4,'Technology','3e72e77dac5d623d111d4116005b409226809bbd',10),(372,'Lombard','Orae',NULL,NULL,'0 Amoth Pass',1,'loraeab@com.com',NULL,1,'Health Care','1f20eeb7c0653e8ae75998cf835a145b194efcd4',16),(373,'Lida','De Angelo','Pirg','Albania',NULL,1,'ldeangeloac@cpanel.net','1697612785',NULL,'Finance','89e8c4338db7f9bd8fc7bd59a3f6e8b35b54cb84',7),(374,'Lexine','Gilvary','Pledo','Indonesia','8 Crowley Crossing',0,'lgilvaryad@printfriendly.com',NULL,NULL,'Finance','ba06d8f915cc73e04efe84c4608987a1bac4ee41',2),(375,'Fernandina','Frandsen','Alabug','Philippines','02 Park Meadow Parkway',0,'ffrandsenae@ed.gov','7432996993',3,NULL,'ec7e01af78249e4735ac78d368559d64dc40f79a',11),(376,'Price','Ellul',NULL,'China','0 Annamark Point',1,'pellulaf@apache.org','7401881392',NULL,NULL,'f1e85879741f86d03e9636561ca4d0325ccf978d',19),(377,'Nickey','Harwick','Babak','Philippines','3 Grim Plaza',1,'nharwickag@boston.com','4196703068',NULL,'Consumer Non-Durables','6d5d393460a8439f6c40c90e08eb8e901daacb19',14),(378,'Garland','D\'Ambrogi','Lindavista','Mexico','5 Cambridge Crossing',0,'gdambrogiah@github.com','8372784928',1,NULL,'61b02d562f82930bc1b006baacad0848a1deb3c0',9),(379,'Jameson','Alexander','Velyka Bilozerka','Ukraine','9 Little Fleur Hill',1,'jalexanderai@pen.io','2646896460',NULL,NULL,'4d739ef84641a9725d7ae598e8fbfa9ddfea2aaa',8),(380,'Erin','Kinnett','Sala┼í Crnobarski','Serbia','61 Hovde Hill',0,'ekinnettaj@ocn.ne.jp',NULL,5,'Capital Goods','952d607a5d8bf835636b174f09a8618c7e634268',15),(381,'Perrine','Treadway','Daduchuan',NULL,'2520 Crest Line Court',0,'ptreadwayak@umich.edu','2645528883',NULL,'n/a','702ad09772b598a52d609b25f1c84e5a09f031fe',16),(382,'Elysha','Cossey','Lou─ìe┼ê','Czech Republic','9 Raven Junction',1,'ecosseyal@deliciousdays.com',NULL,4,'Finance','85039ddeb2b232042d532f0caf04db959eda63ef',15),(383,'Temple','Renwick','Tsimlyansk','Russia','3 Florence Street',1,'trenwickam@theglobeandmail.com','4152130616',4,'n/a','fe0aec196ff5ba50abb65a6a92922cf7bf42f25a',20),(384,'Yule','Lukes','G├▓ Quao','Vietnam','42 North Crossing',1,'ylukesan@list-manage.com','7302376580',5,NULL,'798e2a576bc3c90baaa0aef69373dcf83f2d117c',1),(385,'Aleta','McReedy','Farroupilha','Brazil','58 Sutherland Center',0,'amcreedyao@upenn.edu','9796805565',5,'Public Utilities','5446e99bac863fb4edc86e8b2e03fe4cb4242af7',18),(386,'Nan','Patty',NULL,'Nepal',NULL,0,'npattyap@accuweather.com','8963314276',4,'n/a','4e4726a78852e07d16ac449da5e8aeab83ee4f68',2),(387,'Hoebart','Brunel','Paquera','Costa Rica','2618 Lyons Terrace',1,'hbrunelaq@amazon.co.uk','5797996151',NULL,NULL,'fc51bc2d0ddc04e99271e418a1f22279128ee678',15),(388,'Thomasine','Hoy',NULL,'Paraguay',NULL,0,'thoyar@sfgate.com',NULL,NULL,'Finance','6267cef0ed5754375ed439fa0c54cca298ab71d0',1),(389,'Cedric','Powles','Pedro Miguel','Portugal','54071 Dorton Point',0,'cpowlesas@liveinternet.ru','4177083038',5,NULL,'6a1c1947cd69e17f8ec6f6d048640556741d5e77',2),(390,'Susy','Doull','Fengshan','China','8 Crescent Oaks Junction',0,'sdoullat@vkontakte.ru','8274866689',NULL,'Public Utilities','fe6294c0f481c4277b9784e070f50f0b72132bad',13),(391,'Leicester','Hendrickson',NULL,'Iran','4 American Plaza',1,'lhendricksonau@umich.edu',NULL,1,NULL,'766d653ed458c3f5ef720d6daddb1d0f0656de0e',8),(392,'Vladimir','Orneles','Banjar Cemenggon','Indonesia','226 Cardinal Center',0,'vornelesav@de.vu','5004411277',NULL,NULL,'41287901512acc7e301955c97ae6181340bd1cb1',9),(393,'Margarete','Girhard','Gelemso','Ethiopia',NULL,0,'mgirhardaw@deviantart.com','2748460345',NULL,'Technology','f495e21a3fe853fe5ef650259120b21de408901d',4),(394,'Tommie','Cordner',NULL,'Indonesia','6 Maple Wood Hill',1,'tcordnerax@buzzfeed.com',NULL,2,'Transportation','1d257bc7f6ca7c329378eae87f3641c08d2cb9f8',18),(395,'Zebulen','Plumbridge','Vrbno pod Prad─ødem','Czech Republic',NULL,0,'zplumbridgeay@t.co','1029933866',NULL,NULL,'fe567d5909deb04303b7cda3c18771031f76c059',19),(396,'Briana','Kensley',NULL,'Indonesia',NULL,1,'bkensleyaz@exblog.jp','5208090603',4,NULL,'340325fc1c3a7fe34d1d7f04223523b76a7226b8',5),(397,'Demetris','Newsham','Weihe','China','116 Superior Park',0,'dnewshamb0@who.int','8951922330',NULL,NULL,'b85bc3a1f76e3a353d85daeb04851e441409a8ed',5),(398,'Stacee','Dibbs','Peredovaya','Russia','74885 Lyons Way',0,'sdibbsb1@google.de','8301669208',NULL,'Health Care','17e14ea241a0514a092840863d64e38ebececd54',4),(399,'Fawn','Mangam','Sambongmulyo','Indonesia',NULL,1,'fmangamb2@amazon.co.uk','5155906539',5,'Basic Industries','a17deafa845afce3c5d2eaf65cd329a49cb3dbd9',18),(400,'Garrott','Knowling','Uppsala','Sweden','85925 Cambridge Terrace',1,'gknowlingb3@tinyurl.com','4206909923',1,'Technology','04b5f55071d485eaa0fafca4c6bf297049d9b354',8);
/*!40000 ALTER TABLE `student` ENABLE KEYS */;
UNLOCK TABLES;
/*!40103 SET TIME_ZONE=@OLD_TIME_ZONE */;

/*!40101 SET SQL_MODE=@OLD_SQL_MODE */;
/*!40014 SET FOREIGN_KEY_CHECKS=@OLD_FOREIGN_KEY_CHECKS */;
/*!40014 SET UNIQUE_CHECKS=@OLD_UNIQUE_CHECKS */;
/*!40101 SET CHARACTER_SET_CLIENT=@OLD_CHARACTER_SET_CLIENT */;
/*!40101 SET CHARACTER_SET_RESULTS=@OLD_CHARACTER_SET_RESULTS */;
/*!40101 SET COLLATION_CONNECTION=@OLD_COLLATION_CONNECTION */;
/*!40111 SET SQL_NOTES=@OLD_SQL_NOTES */;

-- Dump completed on 2021-01-25 13:49:58
